ISO-10303-21;
HEADER;
/* Generated by software containing ST-Developer
 * from STEP Tools, Inc. (www.steptools.com) 
 */
/* OPTION: using custom renumber hook */

FILE_DESCRIPTION(
/* description */ ('STEP AP242 Edition 2',
'CAx-IF Rec.Pracs.---Representation and Presentation of Product Manufa
cturing Information (PMI)---4.0---2014-10-13',
'CAx-IF Rec.Pracs.---3D Tessellated Geometry---0.4---2014-09-14','2;1',
'CAx-IF Rec.Pracs.---User Defined Attributes---1.5---2016-08-15'),
/* implementation_level */ '2;1');

FILE_NAME(
/* name */ 'Atlas',
/* time_stamp */ '2026-07-25T22:51:56Z',
/* author */ (''),
/* organization */ (''),
/* preprocessor_version */ 'ST-DEVELOPER v20',
/* originating_system */ 'ONSHAPE BY PTC INC, 1.218',
/* authorisation */ '  ');

FILE_SCHEMA (('AP242_MANAGED_MODEL_BASED_3D_ENGINEERING_MIM_LF { 1 0 10303 442 3 1 4 }'));
ENDSEC;

DATA;
#10=ELLIPSE('',#2555,0.091,0.035);
#11=ELLIPSE('',#2557,0.091,0.035);
#12=ELLIPSE('',#2558,0.091,0.035);
#13=ELLIPSE('',#2559,0.091,0.035);
#14=ELLIPSE('',#2561,0.091,0.035);
#15=ELLIPSE('',#2562,0.091,0.035);
#16=ELLIPSE('',#2566,0.091,0.035);
#17=ELLIPSE('',#2567,0.091,0.035);
#18=ELLIPSE('',#2571,0.0832,0.032);
#19=ELLIPSE('',#2572,0.0832,0.032);
#20=ELLIPSE('',#2574,0.0832,0.032);
#21=ELLIPSE('',#2575,0.0832,0.032);
#22=ELLIPSE('',#2578,0.0832,0.032);
#23=ELLIPSE('',#2580,0.0832,0.032);
#24=ELLIPSE('',#2582,0.0832,0.032);
#25=ELLIPSE('',#2583,0.0832,0.032);
#26=B_SPLINE_SURFACE_WITH_KNOTS('',3,1,((#3840,#3841),(#3842,#3843),(#3844,
#3845),(#3846,#3847)),.SURF_OF_LINEAR_EXTRUSION.,.F.,.F.,.F.,(4,4),(2,2),
(0.0149287325574356,0.985071267442566),(0.,1.),.PIECEWISE_BEZIER_KNOTS.);
#27=B_SPLINE_SURFACE_WITH_KNOTS('',3,1,((#3850,#3851),(#3852,#3853),(#3854,
#3855),(#3856,#3857)),.SURF_OF_LINEAR_EXTRUSION.,.F.,.F.,.F.,(4,4),(2,2),
(0.0149287325574341,0.985071267442565),(0.,1.),.PIECEWISE_BEZIER_KNOTS.);
#28=B_SPLINE_SURFACE_WITH_KNOTS('',3,1,((#3860,#3861),(#3862,#3863),(#3864,
#3865),(#3866,#3867)),.SURF_OF_LINEAR_EXTRUSION.,.F.,.F.,.F.,(4,4),(2,2),
(0.00255399232602377,0.985071267442564),(0.,1.),
 .PIECEWISE_BEZIER_KNOTS.);
#29=B_SPLINE_SURFACE_WITH_KNOTS('',3,1,((#3870,#3871),(#3872,#3873),(#3874,
#3875),(#3876,#3877)),.SURF_OF_LINEAR_EXTRUSION.,.F.,.F.,.F.,(4,4),(2,2),
(0.00255399232603836,0.985071267442564),(0.,1.),
 .PIECEWISE_BEZIER_KNOTS.);
#30=TOROIDAL_SURFACE('',#2482,0.058,0.01);
#31=TOROIDAL_SURFACE('',#2603,0.038,0.003);
#32=B_SPLINE_CURVE_WITH_KNOTS('',3,(#3273,#3274,#3275,#3276,#3277,#3278,
#3279),.UNSPECIFIED.,.F.,.F.,(4,1,1,1,4),(5.47071262240196E-17,0.00273597158547662,
0.00547194317095318,0.00820791475642974,0.0109438863419063),
 .UNSPECIFIED.);
#33=B_SPLINE_CURVE_WITH_KNOTS('',3,(#3328,#3329,#3330,#3331,#3332,#3333,
#3334,#3335,#3336,#3337,#3338),.UNSPECIFIED.,.T.,.F.,(1,1,1,1,1,1,1,1,1,
1,1,1,1,1,1),(-0.00820909705233222,-0.00547273136822148,-0.00273636568411074,
1.44442264332238E-19,0.00273636568411074,0.00547273136822148,0.00820909705233222,
0.010945462736443,0.0136818284205537,0.0164181941046644,0.0191545597887752,
0.0218909254728859,0.0246272911569967,0.0273636568411074,0.0301000225252182),
 .UNSPECIFIED.);
#34=B_SPLINE_CURVE_WITH_KNOTS('',3,(#3340,#3341,#3342,#3343,#3344,#3345,
#3346,#3347,#3348,#3349,#3350),.UNSPECIFIED.,.T.,.F.,(1,1,1,1,1,1,1,1,1,
1,1,1,1,1,1),(-0.00820909705233223,-0.00547273136822148,-0.00273636568411074,
7.04820938603893E-20,0.00273636568411074,0.00547273136822148,0.00820909705233223,
0.010945462736443,0.0136818284205537,0.0164181941046645,0.0191545597887752,
0.0218909254728859,0.0246272911569967,0.0273636568411074,0.0301000225252182),
 .UNSPECIFIED.);
#35=B_SPLINE_CURVE_WITH_KNOTS('',3,(#3357,#3358,#3359,#3360,#3361,#3362,
#3363,#3364,#3365,#3366,#3367),.UNSPECIFIED.,.T.,.F.,(1,1,1,1,1,1,1,1,1,
1,1,1,1,1,1),(-0.00820872409322098,-0.00547248272881399,-0.00273624136440699,
2.30511975982376E-19,0.00273624136440699,0.00547248272881398,0.00820872409322098,
0.010944965457628,0.013681206822035,0.016417448186442,0.0191536895508489,
0.0218899309152559,0.0246261722796629,0.0273624136440699,0.0300986550084769),
 .UNSPECIFIED.);
#36=B_SPLINE_CURVE_WITH_KNOTS('',3,(#3369,#3370,#3371,#3372,#3373,#3374,
#3375,#3376,#3377,#3378,#3379),.UNSPECIFIED.,.T.,.F.,(1,1,1,1,1,1,1,1,1,
1,1,1,1,1,1),(-0.00820872409322098,-0.00547248272881399,-0.00273624136440699,
2.48637518726168E-19,0.00273624136440699,0.00547248272881398,0.00820872409322098,
0.010944965457628,0.013681206822035,0.016417448186442,0.0191536895508489,
0.0218899309152559,0.0246261722796629,0.0273624136440699,0.0300986550084769),
 .UNSPECIFIED.);
#37=B_SPLINE_CURVE_WITH_KNOTS('',3,(#3407,#3408,#3409,#3410),
 .UNSPECIFIED.,.F.,.F.,(4,4),(0.,0.00759935237014442),.UNSPECIFIED.);
#38=B_SPLINE_CURVE_WITH_KNOTS('',3,(#3427,#3428,#3429,#3430,#3431,#3432),
 .UNSPECIFIED.,.F.,.F.,(4,1,1,4),(0.,0.00361628106984285,0.00542442160476427,
0.0072325621396857),.UNSPECIFIED.);
#39=B_SPLINE_CURVE_WITH_KNOTS('',3,(#3436,#3437,#3438,#3439,#3440,#3441),
 .UNSPECIFIED.,.F.,.F.,(4,1,1,4),(0.,0.00260717836309833,0.00521435672619666,
0.0104287134523933),.UNSPECIFIED.);
#40=B_SPLINE_CURVE_WITH_KNOTS('',3,(#3468,#3469,#3470,#3471,#3472,#3473,
#3474,#3475,#3476,#3477,#3478),.UNSPECIFIED.,.T.,.F.,(1,1,1,1,1,1,1,1,1,
1,1,1,1,1,1),(-0.00821899308363194,-0.00547932872242129,-0.00273966436121065,
5.38754092814755E-20,0.00273966436121065,0.00547932872242129,0.00821899308363194,
0.0109586574448426,0.0136983218060532,0.0164379861672639,0.0191776505284745,
0.0219173148896852,0.0246569792508958,0.0273966436121065,0.0301363079733171),
 .UNSPECIFIED.);
#41=B_SPLINE_CURVE_WITH_KNOTS('',3,(#3483,#3484,#3485,#3486,#3487),
 .UNSPECIFIED.,.F.,.F.,(4,1,4),(0.,0.00153267260839831,0.00306534521679662),
 .UNSPECIFIED.);
#42=B_SPLINE_CURVE_WITH_KNOTS('',3,(#3489,#3490,#3491,#3492,#3493,#3494,
#3495,#3496,#3497,#3498,#3499,#3500,#3501,#3502,#3503,#3504,#3505,#3506,
#3507,#3508,#3509),.UNSPECIFIED.,.F.,.F.,(4,1,1,1,1,1,1,1,1,1,1,1,1,1,1,
1,1,1,4),(0.00154488646600275,0.008570985103255,0.0120840344218811,0.0155970837405073,
0.0191101330591334,0.0226231823777595,0.0243797070370726,0.0261362316963856,
0.0278927563556987,0.0296492810150118,0.0314058056743248,0.0331623303336379,
0.0349188549929509,0.036675379652264,0.0401884289708901,0.0437014782895163,
0.0472145276081424,0.0507275769267685,0.0577536755640208),.UNSPECIFIED.);
#43=B_SPLINE_CURVE_WITH_KNOTS('',3,(#3511,#3512,#3513,#3514,#3515),
 .UNSPECIFIED.,.F.,.F.,(4,1,4),(2.05986999801641E-17,0.0015338908668901,
0.00306778173378018),.UNSPECIFIED.);
#44=B_SPLINE_CURVE_WITH_KNOTS('',3,(#3519,#3520,#3521,#3522,#3523),
 .UNSPECIFIED.,.F.,.F.,(4,1,4),(0.,0.00153267260839832,0.00306534521679665),
 .UNSPECIFIED.);
#45=B_SPLINE_CURVE_WITH_KNOTS('',3,(#3525,#3526,#3527,#3528,#3529,#3530,
#3531,#3532,#3533,#3534,#3535,#3536,#3537,#3538,#3539,#3540,#3541,#3542,
#3543,#3544,#3545),.UNSPECIFIED.,.F.,.F.,(4,1,1,1,1,1,1,1,1,1,1,1,1,1,1,
1,1,1,4),(0.00155002820111609,0.00863032010331792,0.0121704660544188,0.0157106120055198,
0.0192507579566207,0.0227909039077216,0.0245609768832721,0.0263310498588225,
0.028101122834373,0.0298711958099234,0.0316412687854739,0.0334113417610244,
0.0351814147365748,0.0369514877121253,0.0404916336632262,0.0440317796143271,
0.047571925565428,0.051112071516529,0.0581923634187308),.UNSPECIFIED.);
#46=B_SPLINE_CURVE_WITH_KNOTS('',3,(#3547,#3548,#3549,#3550,#3551),
 .UNSPECIFIED.,.F.,.F.,(4,1,4),(0.,0.00153389086689008,0.00306778173378016),
 .UNSPECIFIED.);
#47=B_SPLINE_CURVE_WITH_KNOTS('',3,(#3552,#3553,#3554,#3555,#3556,#3557,
#3558,#3559,#3560,#3561,#3562),.UNSPECIFIED.,.T.,.F.,(1,1,1,1,1,1,1,1,1,
1,1,1,1,1,1),(-0.00821899308363194,-0.00547932872242129,-0.00273966436121065,
5.38754092814755E-20,0.00273966436121065,0.00547932872242129,0.00821899308363194,
0.0109586574448426,0.0136983218060532,0.0164379861672639,0.0191776505284745,
0.0219173148896852,0.0246569792508958,0.0273966436121065,0.0301363079733171),
 .UNSPECIFIED.);
#48=B_SPLINE_CURVE_WITH_KNOTS('',3,(#3567,#3568,#3569,#3570,#3571,#3572),
 .UNSPECIFIED.,.F.,.F.,(4,1,1,4),(0.,0.00182719260839842,0.00274078891259763,
0.00365438521679684),.UNSPECIFIED.);
#49=B_SPLINE_CURVE_WITH_KNOTS('',3,(#3576,#3577,#3578,#3579),
 .UNSPECIFIED.,.F.,.F.,(4,4),(0.,0.000524124392329961),.UNSPECIFIED.);
#50=B_SPLINE_CURVE_WITH_KNOTS('',3,(#3581,#3582,#3583,#3584,#3585,#3586,
#3587,#3588,#3589,#3590,#3591,#3592,#3593,#3594,#3595,#3596,#3597,#3598,
#3599,#3600,#3601),.UNSPECIFIED.,.F.,.F.,(4,1,1,1,1,1,1,1,1,1,1,1,1,1,1,
1,1,1,4),(0.00154488646600277,0.00873082974061316,0.0123238013779184,0.0159167730152235,
0.0195097446525287,0.0231027162898339,0.0248992021084865,0.0266956879271391,
0.0284921737457917,0.0302886595644443,0.0320851453830969,0.0338816312017495,
0.0356781170204021,0.0374746028390547,0.0410675744763599,0.0446605461136651,
0.0482535177509703,0.0518464893882755,0.0590324326628859),.UNSPECIFIED.);
#51=B_SPLINE_CURVE_WITH_KNOTS('',3,(#3603,#3604,#3605,#3606,#3607),
 .UNSPECIFIED.,.F.,.F.,(4,1,4),(0.,0.00153389086689009,0.00306778173378018),
 .UNSPECIFIED.);
#52=B_SPLINE_CURVE_WITH_KNOTS('',3,(#3611,#3612,#3613,#3614,#3615),
 .UNSPECIFIED.,.F.,.F.,(4,1,4),(0.,0.00153267260839832,0.00306534521679665),
 .UNSPECIFIED.);
#53=B_SPLINE_CURVE_WITH_KNOTS('',3,(#3617,#3618,#3619,#3620,#3621,#3622,
#3623,#3624,#3625,#3626,#3627,#3628,#3629,#3630,#3631,#3632,#3633,#3634,
#3635,#3636,#3637),.UNSPECIFIED.,.F.,.F.,(4,1,1,1,1,1,1,1,1,1,1,1,1,1,1,
1,1,1,4),(0.000268315122937302,0.0075088211599115,0.0111290741783986,0.0147493271968857,
0.0183695802153728,0.0219898332338599,0.0237999597431034,0.025610086252347,
0.0274202127615905,0.0292303392708341,0.0310404657800776,0.0328505922893212,
0.0346607187985647,0.0364708453078083,0.0400910983262954,0.0437113513447825,
0.0473316043632696,0.0509518573817567,0.0581923634187309),.UNSPECIFIED.);
#54=B_SPLINE_CURVE_WITH_KNOTS('',3,(#3639,#3640,#3641,#3642),
 .UNSPECIFIED.,.F.,.F.,(4,4),(1.90573724046375E-15,0.000524124392330358),
 .UNSPECIFIED.);
#55=B_SPLINE_CURVE_WITH_KNOTS('',3,(#3646,#3647,#3648,#3649,#3650,#3651),
 .UNSPECIFIED.,.F.,.F.,(4,1,1,4),(0.,0.000914785615380016,0.00182957123076003,
0.00365914246152006),.UNSPECIFIED.);
#56=B_SPLINE_CURVE_WITH_KNOTS('',3,(#3653,#3654,#3655,#3656,#3657,#3658,
#3659,#3660,#3661,#3662,#3663,#3664,#3665,#3666,#3667,#3668,#3669,#3670,
#3671,#3672,#3673),.UNSPECIFIED.,.F.,.F.,(4,1,1,1,1,1,1,1,1,1,1,1,1,1,1,
1,1,1,4),(0.00156764143170266,0.00866066585342403,0.0122071780642847,0.0157536902751454,
0.0193002024860061,0.0228467146968668,0.0246199708022971,0.0263932269077275,
0.0281664830131578,0.0299397391185881,0.0317129952240185,0.0334862513294488,
0.0352595074348792,0.0370327635403095,0.0405792757511702,0.0441257879620309,
0.0476723001728916,0.0512188123837523,0.0583118368054736),.UNSPECIFIED.);
#57=B_SPLINE_CURVE_WITH_KNOTS('',3,(#3676,#3677,#3678,#3679,#3680),
 .UNSPECIFIED.,.F.,.F.,(4,1,4),(4.11242900536294E-17,0.00168682995283553,
0.00337365990567103),.UNSPECIFIED.);
#58=B_SPLINE_CURVE_WITH_KNOTS('',3,(#3684,#3685,#3686,#3687,#3688),
 .UNSPECIFIED.,.F.,.F.,(4,1,4),(0.,0.00167728483926935,0.00335456967853871),
 .UNSPECIFIED.);
#59=B_SPLINE_CURVE_WITH_KNOTS('',3,(#3690,#3691,#3692,#3693,#3694,#3695,
#3696,#3697,#3698,#3699,#3700,#3701,#3702,#3703,#3704,#3705,#3706,#3707,
#3708,#3709,#3710),.UNSPECIFIED.,.F.,.F.,(4,1,1,1,1,1,1,1,1,1,1,1,1,1,1,
1,1,1,4),(0.00156764143170269,0.00866066585342405,0.0122071780642847,0.0157536902751454,
0.0193002024860061,0.0228467146968668,0.0246199708022971,0.0263932269077275,
0.0281664830131578,0.0299397391185881,0.0317129952240185,0.0334862513294488,
0.0352595074348792,0.0370327635403095,0.0405792757511702,0.0441257879620309,
0.0476723001728915,0.0512188123837522,0.0583118368054736),.UNSPECIFIED.);
#60=B_SPLINE_CURVE_WITH_KNOTS('',3,(#3712,#3713,#3714,#3715,#3716),
 .UNSPECIFIED.,.F.,.F.,(4,1,4),(0.,0.00168682995283551,0.00337365990567102),
 .UNSPECIFIED.);
#61=B_SPLINE_CURVE_WITH_KNOTS('',3,(#3720,#3721,#3722,#3723,#3724),
 .UNSPECIFIED.,.F.,.F.,(4,1,4),(0.,0.00167728483926935,0.00335456967853871),
 .UNSPECIFIED.);
#62=B_SPLINE_CURVE_WITH_KNOTS('',3,(#3728,#3729,#3730,#3731,#3732,#3733),
 .UNSPECIFIED.,.F.,.F.,(4,1,1,4),(0.,0.00100712705613526,0.00201425411227051,
0.00402850822454103),.UNSPECIFIED.);
#63=B_SPLINE_CURVE_WITH_KNOTS('',3,(#3737,#3738,#3739,#3740,#3741,#3742,
#3743),.UNSPECIFIED.,.F.,.F.,(4,1,1,1,4),(0.,0.000997949218712877,0.00199589843742575,
0.00299384765613863,0.00399179687485151),.UNSPECIFIED.);
#64=B_SPLINE_CURVE_WITH_KNOTS('',3,(#3747,#3748,#3749,#3750),
 .UNSPECIFIED.,.F.,.F.,(4,4),(0.,0.000525807647580677),.UNSPECIFIED.);
#65=B_SPLINE_CURVE_WITH_KNOTS('',3,(#3752,#3753,#3754,#3755,#3756,#3757,
#3758,#3759,#3760,#3761,#3762,#3763,#3764,#3765,#3766,#3767,#3768,#3769,
#3770,#3771,#3772),.UNSPECIFIED.,.F.,.F.,(4,1,1,1,1,1,1,1,1,1,1,1,1,1,1,
1,1,1,4),(0.000271466895880389,0.00752651313457953,0.0111540362539291,0.0147815593732787,
0.0184090824926282,0.0220366056119778,0.0238503671716526,0.0256641287313274,
0.0274778902910022,0.029291651850677,0.0311054134103517,0.0329191749700265,
0.0347329365297013,0.0365466980893761,0.0401742212087257,0.0438017443280752,
0.0474292674474248,0.0510567905667744,0.0583118368054735),.UNSPECIFIED.);
#66=B_SPLINE_CURVE_WITH_KNOTS('',3,(#3774,#3775,#3776,#3777,#3778),
 .UNSPECIFIED.,.F.,.F.,(4,1,4),(1.27475620829111E-17,0.00168682995283551,
0.003373659905671),.UNSPECIFIED.);
#67=B_SPLINE_CURVE_WITH_KNOTS('',3,(#3782,#3783,#3784,#3785,#3786),
 .UNSPECIFIED.,.F.,.F.,(4,1,4),(0.,0.00167728483926942,0.00335456967853884),
 .UNSPECIFIED.);
#68=B_SPLINE_CURVE_WITH_KNOTS('',3,(#3788,#3789,#3790,#3791,#3792,#3793,
#3794,#3795,#3796,#3797,#3798,#3799,#3800,#3801,#3802,#3803,#3804,#3805,
#3806,#3807,#3808),.UNSPECIFIED.,.F.,.F.,(4,1,1,1,1,1,1,1,1,1,1,1,1,1,1,
1,1,1,4),(0.00156764143170273,0.00882266589659824,0.012450178129046,0.0160776903614938,
0.0197052025939415,0.0233327148263893,0.0251464709426131,0.026960227058837,
0.0287739831750609,0.0305877392912848,0.0324014954075087,0.0342152515237325,
0.0360290076399564,0.0378427637561803,0.041470275988628,0.0450977882210758,
0.0487253004535236,0.0523528126859713,0.0596078371508668),.UNSPECIFIED.);
#69=B_SPLINE_CURVE_WITH_KNOTS('',3,(#3810,#3811,#3812,#3813),
 .UNSPECIFIED.,.F.,.F.,(4,4),(6.4915290214479E-16,0.000525807647581612),
 .UNSPECIFIED.);
#70=B_SPLINE_CURVE_WITH_KNOTS('',3,(#3899,#3900,#3901,#3902,#3903,#3904,
#3905),.UNSPECIFIED.,.F.,.F.,(4,1,1,1,4),(5.47071262240196E-17,0.00273597158547662,
0.00547194317095318,0.00820791475642974,0.0109438863419063),
 .UNSPECIFIED.);
#71=B_SPLINE_CURVE_WITH_KNOTS('',3,(#4026,#4027,#4028,#4029,#4030,#4031,
#4032,#4033,#4034,#4035,#4036),.UNSPECIFIED.,.T.,.F.,(1,1,1,1,1,1,1,1,1,
1,1,1,1,1,1),(-0.00821111266297983,-0.00547407510865322,-0.00273703755432661,
1.17211596738175E-19,0.00273703755432661,0.00547407510865322,0.00821111266297983,
0.0109481502173064,0.0136851877716331,0.0164222253259597,0.0191592628802863,
0.0218963004346129,0.0246333379889395,0.0273703755432661,0.0301074130975927),
 .UNSPECIFIED.);
#72=B_SPLINE_CURVE_WITH_KNOTS('',3,(#4038,#4039,#4040,#4041,#4042,#4043,
#4044,#4045,#4046,#4047,#4048),.UNSPECIFIED.,.T.,.F.,(1,1,1,1,1,1,1,1,1,
1,1,1,1,1,1),(-0.00821111266297983,-0.00547407510865322,-0.00273703755432661,
1.66575456765573E-19,0.00273703755432661,0.00547407510865322,0.00821111266297983,
0.0109481502173064,0.0136851877716331,0.0164222253259597,0.0191592628802863,
0.0218963004346129,0.0246333379889395,0.0273703755432661,0.0301074130975927),
 .UNSPECIFIED.);
#73=B_SPLINE_CURVE_WITH_KNOTS('',3,(#4053,#4054,#4055,#4056,#4057,#4058,
#4059),.UNSPECIFIED.,.F.,.F.,(4,1,1,1,4),(0.,0.00148629245192352,0.00297258490384703,
0.00445887735577055,0.00594516980769406),.UNSPECIFIED.);
#74=B_SPLINE_CURVE_WITH_KNOTS('',3,(#4063,#4064,#4065,#4066,#4067,#4068,
#4069),.UNSPECIFIED.,.F.,.F.,(4,1,1,1,4),(0.,0.00164974076244915,0.0032994815248983,
0.00494922228734746,0.00659896304979661),.UNSPECIFIED.);
#75=B_SPLINE_CURVE_WITH_KNOTS('',3,(#4073,#4074,#4075,#4076,#4077,#4078),
 .UNSPECIFIED.,.F.,.F.,(4,1,1,4),(8.49837472194074E-18,0.00377879829194488,
0.00566819743791732,0.00755759658388976),.UNSPECIFIED.);
#76=B_SPLINE_CURVE_WITH_KNOTS('',3,(#4082,#4083,#4084,#4085,#4086,#4087,
#4088),.UNSPECIFIED.,.F.,.F.,(4,1,1,1,4),(3.58042891178243E-17,0.00189016000645967,
0.0037803200129193,0.00567048001937894,0.00756064002583857),
 .UNSPECIFIED.);
#77=B_SPLINE_CURVE_WITH_KNOTS('',3,(#4092,#4093,#4094,#4095,#4096,#4097,
#4098),.UNSPECIFIED.,.F.,.F.,(4,1,1,1,4),(1.97026712507607E-17,0.00165723362035336,
0.0033144672407067,0.00497170086106003,0.00662893448141337),
 .UNSPECIFIED.);
#78=B_SPLINE_CURVE_WITH_KNOTS('',3,(#4102,#4103,#4104,#4105,#4106,#4107,
#4108),.UNSPECIFIED.,.F.,.F.,(4,1,1,1,4),(8.84538885469324E-18,0.00148575633980191,
0.00297151267960381,0.00445726901940571,0.00594302535920761),
 .UNSPECIFIED.);
#79=B_SPLINE_CURVE_WITH_KNOTS('',3,(#4112,#4113,#4114,#4115,#4116,#4117),
 .UNSPECIFIED.,.F.,.F.,(4,1,1,4),(1.51478215358021E-17,0.00377879829194488,
0.00566819743791732,0.00755759658388975),.UNSPECIFIED.);
#80=B_SPLINE_CURVE_WITH_KNOTS('',3,(#4121,#4122,#4123,#4124,#4125,#4126,
#4127),.UNSPECIFIED.,.F.,.F.,(4,1,1,1,4),(1.24187301616503E-17,0.00148629245192352,
0.00297258490384703,0.00445887735577054,0.00594516980769405),
 .UNSPECIFIED.);
#81=B_SPLINE_CURVE_WITH_KNOTS('',3,(#4131,#4132,#4133,#4134,#4135,#4136,
#4137),.UNSPECIFIED.,.F.,.F.,(4,1,1,1,4),(0.,0.00164974076244915,0.0032994815248983,
0.00494922228734745,0.0065989630497966),.UNSPECIFIED.);
#82=B_SPLINE_CURVE_WITH_KNOTS('',3,(#4138,#4139,#4140,#4141,#4142,#4143,
#4144,#4145,#4146,#4147,#4148),.UNSPECIFIED.,.T.,.F.,(1,1,1,1,1,1,1,1,1,
1,1,1,1,1,1),(-0.0082111126629798,-0.0054740751086532,-0.0027370375543266,
1.07020787955626E-18,0.0027370375543266,0.0054740751086532,0.0082111126629798,
0.0109481502173064,0.013685187771633,0.0164222253259596,0.0191592628802862,
0.0218963004346128,0.0246333379889394,0.027370375543266,0.0301074130975926),
 .UNSPECIFIED.);
#83=B_SPLINE_CURVE_WITH_KNOTS('',3,(#4150,#4151,#4152,#4153,#4154,#4155,
#4156,#4157,#4158,#4159,#4160),.UNSPECIFIED.,.T.,.F.,(1,1,1,1,1,1,1,1,1,
1,1,1,1,1,1),(-0.00821111266297979,-0.0054740751086532,-0.0027370375543266,
1.07020787955626E-18,0.0027370375543266,0.0054740751086532,0.00821111266297979,
0.0109481502173064,0.013685187771633,0.0164222253259596,0.0191592628802862,
0.0218963004346128,0.0246333379889394,0.027370375543266,0.0301074130975926),
 .UNSPECIFIED.);
#84=B_SPLINE_CURVE_WITH_KNOTS('',3,(#4167,#4168,#4169,#4170,#4171,#4172),
 .UNSPECIFIED.,.F.,.F.,(4,1,1,4),(0.,0.00317168711240013,0.00634337422480026,
0.0126867484496005),.UNSPECIFIED.);
#85=B_SPLINE_CURVE_WITH_KNOTS('',3,(#4175,#4176,#4177,#4178,#4179),
 .UNSPECIFIED.,.F.,.F.,(4,1,4),(0.00297971923325393,0.00931509978002357,
0.0156504803267932),.UNSPECIFIED.);
#86=B_SPLINE_CURVE_WITH_KNOTS('',3,(#4183,#4184,#4185,#4186,#4187,#4188,
#4189),.UNSPECIFIED.,.F.,.F.,(4,1,1,1,4),(0.,0.00406291850070289,0.00812583700140577,
0.0121887555021087,0.0162516740028115),.UNSPECIFIED.);
#87=B_SPLINE_CURVE_WITH_KNOTS('',3,(#4193,#4194,#4195,#4196,#4197,#4198,
#4199),.UNSPECIFIED.,.F.,.F.,(4,1,1,1,4),(0.,0.00406221925938722,0.00812443851877444,
0.0121866577781617,0.0162488770375489),.UNSPECIFIED.);
#88=B_SPLINE_CURVE_WITH_KNOTS('',3,(#4205,#4206,#4207,#4208,#4209,#4210,
#4211),.UNSPECIFIED.,.F.,.F.,(4,1,1,1,4),(5.63518185960787E-17,0.00189016000645969,
0.00378032001291933,0.00567048001937897,0.00756064002583861),
 .UNSPECIFIED.);
#89=B_SPLINE_CURVE_WITH_KNOTS('',3,(#4215,#4216,#4217,#4218,#4219,#4220,
#4221),.UNSPECIFIED.,.F.,.F.,(4,1,1,1,4),(9.96522768216898E-18,0.00165723362035336,
0.0033144672407067,0.00497170086106005,0.00662893448141339),
 .UNSPECIFIED.);
#90=B_SPLINE_CURVE_WITH_KNOTS('',3,(#4225,#4226,#4227,#4228,#4229,#4230,
#4231),.UNSPECIFIED.,.F.,.F.,(4,1,1,1,4),(0.,0.0014857563398019,0.00297151267960381,
0.00445726901940571,0.00594302535920762),.UNSPECIFIED.);
#91=B_SPLINE_CURVE_WITH_KNOTS('',3,(#4233,#4234,#4235,#4236,#4237,#4238,
#4239,#4240,#4241,#4242,#4243),.UNSPECIFIED.,.T.,.F.,(1,1,1,1,1,1,1,1,1,
1,1,1,1,1,1),(-0.00821211681236998,-0.00547474454157999,-0.00273737227079,
2.3068171047615E-19,0.00273737227078999,0.00547474454157999,0.00821211681236998,
0.01094948908316,0.01368686135395,0.01642423362474,0.01916160589553,0.02189897816632,
0.02463635043711,0.0273737227078999,0.0301110949786899),.UNSPECIFIED.);
#92=B_SPLINE_CURVE_WITH_KNOTS('',3,(#4245,#4246,#4247,#4248,#4249,#4250,
#4251,#4252,#4253,#4254,#4255),.UNSPECIFIED.,.T.,.F.,(1,1,1,1,1,1,1,1,1,
1,1,1,1,1,1),(-0.00821211681236998,-0.00547474454157999,-0.00273737227078999,
3.28966297400756E-19,0.00273737227078999,0.00547474454157999,0.00821211681236998,
0.01094948908316,0.01368686135395,0.01642423362474,0.01916160589553,0.02189897816632,
0.0246363504371099,0.0273737227078999,0.0301110949786899),.UNSPECIFIED.);
#93=B_SPLINE_CURVE_WITH_KNOTS('',3,(#4260,#4261,#4262,#4263,#4264,#4265,
#4266,#4267,#4268),.UNSPECIFIED.,.F.,.F.,(4,1,1,1,1,1,4),(0.,0.0017167949787075,
0.003433589957415,0.00429198744676875,0.00515038493612251,0.00600878242547626,
0.00686717991483001),.UNSPECIFIED.);
#94=B_SPLINE_CURVE_WITH_KNOTS('',3,(#4272,#4273,#4274,#4275,#4276,#4277,
#4278),.UNSPECIFIED.,.F.,.F.,(4,1,1,1,4),(1.62962475354841E-17,0.00192269208865791,
0.0038453841773158,0.00576807626597369,0.00769076835463158),
 .UNSPECIFIED.);
#95=B_SPLINE_CURVE_WITH_KNOTS('',3,(#4282,#4283,#4284,#4285,#4286,#4287,
#4288),.UNSPECIFIED.,.F.,.F.,(4,1,1,1,4),(1.07286721840365E-17,0.00149042989417625,
0.00298085978835249,0.00447128968252873,0.00596171957670497),
 .UNSPECIFIED.);
#96=B_SPLINE_CURVE_WITH_KNOTS('',3,(#4292,#4293,#4294,#4295,#4296,#4297,
#4298),.UNSPECIFIED.,.F.,.F.,(4,1,1,1,4),(0.,0.00148975435231296,0.00297950870462592,
0.00446926305693888,0.00595901740925184),.UNSPECIFIED.);
#97=B_SPLINE_CURVE_WITH_KNOTS('',3,(#4302,#4303,#4304,#4305,#4306,#4307,
#4308),.UNSPECIFIED.,.F.,.F.,(4,1,1,1,4),(7.80625564189563E-18,0.00192346066159237,
0.00384692132318473,0.00577038198477709,0.00769384264636945),
 .UNSPECIFIED.);
#98=B_SPLINE_CURVE_WITH_KNOTS('',3,(#4312,#4313,#4314,#4315,#4316,#4317,
#4318,#4319,#4320),.UNSPECIFIED.,.F.,.F.,(4,1,1,1,1,1,4),(9.96522768216898E-18,
0.00086245472796372,0.00172490945592743,0.00258736418389114,0.00344981891185485,
0.00517472836778227,0.00689963782370969),.UNSPECIFIED.);
#99=B_SPLINE_CURVE_WITH_KNOTS('',3,(#4333,#4334,#4335,#4336,#4337,#4338),
 .UNSPECIFIED.,.F.,.F.,(4,1,1,4),(0.,0.0031729141728852,0.0063458283457704,
0.0126916566915408),.UNSPECIFIED.);
#100=B_SPLINE_CURVE_WITH_KNOTS('',3,(#4340,#4341,#4342,#4343,#4344),
 .UNSPECIFIED.,.F.,.F.,(4,1,4),(0.00298026690142163,0.00931832557199871,
0.0156563842425758),.UNSPECIFIED.);
#101=B_SPLINE_CURVE_WITH_KNOTS('',3,(#4348,#4349,#4350,#4351,#4352,#4353,
#4354),.UNSPECIFIED.,.F.,.F.,(4,1,1,1,4),(0.,0.00409984941358012,0.00819969882716024,
0.0122995482407404,0.0163993976543205),.UNSPECIFIED.);
#102=B_SPLINE_CURVE_WITH_KNOTS('',3,(#4358,#4359,#4360,#4361,#4362,#4363,
#4364),.UNSPECIFIED.,.F.,.F.,(4,1,1,1,4),(0.,0.00409856699578308,0.00819713399156617,
0.0122957009873493,0.0163942679831323),.UNSPECIFIED.);
#103=B_SPLINE_CURVE_WITH_KNOTS('',3,(#4368,#4369,#4370,#4371,#4372,#4373,
#4374,#4375,#4376),.UNSPECIFIED.,.F.,.F.,(4,1,1,1,1,1,4),(1.90029435765254E-17,
0.000862454727963726,0.00172490945592743,0.00258736418389114,0.00344981891185484,
0.00517472836778226,0.00689963782370967),.UNSPECIFIED.);
#104=B_SPLINE_CURVE_WITH_KNOTS('',3,(#4380,#4381,#4382,#4383,#4384,#4385,
#4386),.UNSPECIFIED.,.F.,.F.,(4,1,1,1,4),(0.,0.00148975435231295,0.0029795087046259,
0.00446926305693885,0.0059590174092518),.UNSPECIFIED.);
#105=B_SPLINE_CURVE_WITH_KNOTS('',3,(#4390,#4391,#4392,#4393,#4394,#4395,
#4396),.UNSPECIFIED.,.F.,.F.,(4,1,1,1,4),(7.80625564189563E-18,0.00192346066159235,
0.00384692132318469,0.00577038198477703,0.00769384264636937),
 .UNSPECIFIED.);
#106=B_SPLINE_CURVE_WITH_KNOTS('',3,(#4400,#4401,#4402,#4403,#4404,#4405,
#4406,#4407,#4408),.UNSPECIFIED.,.F.,.F.,(4,1,1,1,1,1,4),(0.,0.00171679497870751,
0.00343358995741502,0.00429198744676878,0.00515038493612253,0.00600878242547629,
0.00686717991483004),.UNSPECIFIED.);
#107=B_SPLINE_CURVE_WITH_KNOTS('',3,(#4412,#4413,#4414,#4415,#4416,#4417,
#4418),.UNSPECIFIED.,.F.,.F.,(4,1,1,1,4),(2.7097246932071E-17,0.0019226920886579,
0.00384538417731578,0.00576807626597365,0.00769076835463152),
 .UNSPECIFIED.);
#108=B_SPLINE_CURVE_WITH_KNOTS('',3,(#4422,#4423,#4424,#4425,#4426,#4427,
#4428),.UNSPECIFIED.,.F.,.F.,(4,1,1,1,4),(1.24187301616503E-17,0.00149042989417626,
0.0029808597883525,0.00447128968252875,0.00596171957670499),
 .UNSPECIFIED.);
#109=B_SPLINE_CURVE_WITH_KNOTS('',3,(#4449,#4450,#4451,#4452,#4453),
 .UNSPECIFIED.,.F.,.F.,(4,1,4),(0.,0.00238034868417255,0.0047606973683451),
 .UNSPECIFIED.);
#110=B_SPLINE_CURVE_WITH_KNOTS('',3,(#4458,#4459,#4460,#4461,#4462),
 .UNSPECIFIED.,.F.,.F.,(4,1,4),(0.,0.00241201680838551,0.00482403361677102),
 .UNSPECIFIED.);
#111=LINE('',#3271,#276);
#112=LINE('',#3281,#277);
#113=LINE('',#3283,#278);
#114=LINE('',#3285,#279);
#115=LINE('',#3294,#280);
#116=LINE('',#3297,#281);
#117=LINE('',#3299,#282);
#118=LINE('',#3301,#283);
#119=LINE('',#3303,#284);
#120=LINE('',#3305,#285);
#121=LINE('',#3307,#286);
#122=LINE('',#3309,#287);
#123=LINE('',#3311,#288);
#124=LINE('',#3314,#289);
#125=LINE('',#3316,#290);
#126=LINE('',#3318,#291);
#127=LINE('',#3319,#292);
#128=LINE('',#3322,#293);
#129=LINE('',#3324,#294);
#130=LINE('',#3326,#295);
#131=LINE('',#3386,#296);
#132=LINE('',#3390,#297);
#133=LINE('',#3393,#298);
#134=LINE('',#3394,#299);
#135=LINE('',#3396,#300);
#136=LINE('',#3399,#301);
#137=LINE('',#3401,#302);
#138=LINE('',#3403,#303);
#139=LINE('',#3405,#304);
#140=LINE('',#3412,#305);
#141=LINE('',#3414,#306);
#142=LINE('',#3415,#307);
#143=LINE('',#3416,#308);
#144=LINE('',#3420,#309);
#145=LINE('',#3422,#310);
#146=LINE('',#3423,#311);
#147=LINE('',#3424,#312);
#148=LINE('',#3425,#313);
#149=LINE('',#3445,#314);
#150=LINE('',#3446,#315);
#151=LINE('',#3462,#316);
#152=LINE('',#3464,#317);
#153=LINE('',#3574,#318);
#154=LINE('',#3644,#319);
#155=LINE('',#3725,#320);
#156=LINE('',#3745,#321);
#157=LINE('',#3815,#322);
#158=LINE('',#3816,#323);
#159=LINE('',#3818,#324);
#160=LINE('',#3819,#325);
#161=LINE('',#3825,#326);
#162=LINE('',#3826,#327);
#163=LINE('',#3832,#328);
#164=LINE('',#3833,#329);
#165=LINE('',#3835,#330);
#166=LINE('',#3836,#331);
#167=LINE('',#3838,#332);
#168=LINE('',#3839,#333);
#169=LINE('',#3848,#334);
#170=LINE('',#3849,#335);
#171=LINE('',#3858,#336);
#172=LINE('',#3859,#337);
#173=LINE('',#3868,#338);
#174=LINE('',#3869,#339);
#175=LINE('',#3878,#340);
#176=LINE('',#3879,#341);
#177=LINE('',#3897,#342);
#178=LINE('',#3907,#343);
#179=LINE('',#3909,#344);
#180=LINE('',#3911,#345);
#181=LINE('',#3920,#346);
#182=LINE('',#3925,#347);
#183=LINE('',#3929,#348);
#184=LINE('',#3933,#349);
#185=LINE('',#3938,#350);
#186=LINE('',#3942,#351);
#187=LINE('',#3944,#352);
#188=LINE('',#3946,#353);
#189=LINE('',#3948,#354);
#190=LINE('',#3950,#355);
#191=LINE('',#3952,#356);
#192=LINE('',#3954,#357);
#193=LINE('',#3957,#358);
#194=LINE('',#3959,#359);
#195=LINE('',#3961,#360);
#196=LINE('',#3963,#361);
#197=LINE('',#3966,#362);
#198=LINE('',#3968,#363);
#199=LINE('',#3970,#364);
#200=LINE('',#3972,#365);
#201=LINE('',#3974,#366);
#202=LINE('',#3976,#367);
#203=LINE('',#3978,#368);
#204=LINE('',#3983,#369);
#205=LINE('',#3985,#370);
#206=LINE('',#3987,#371);
#207=LINE('',#3989,#372);
#208=LINE('',#3992,#373);
#209=LINE('',#3994,#374);
#210=LINE('',#3996,#375);
#211=LINE('',#3997,#376);
#212=LINE('',#4003,#377);
#213=LINE('',#4007,#378);
#214=LINE('',#4011,#379);
#215=LINE('',#4012,#380);
#216=LINE('',#4014,#381);
#217=LINE('',#4015,#382);
#218=LINE('',#4020,#383);
#219=LINE('',#4024,#384);
#220=LINE('',#4162,#385);
#221=LINE('',#4166,#386);
#222=LINE('',#4181,#387);
#223=LINE('',#4201,#388);
#224=LINE('',#4324,#389);
#225=LINE('',#4325,#390);
#226=LINE('',#4326,#391);
#227=LINE('',#4327,#392);
#228=LINE('',#4328,#393);
#229=LINE('',#4329,#394);
#230=LINE('',#4330,#395);
#231=LINE('',#4346,#396);
#232=LINE('',#4434,#397);
#233=LINE('',#4435,#398);
#234=LINE('',#4441,#399);
#235=LINE('',#4442,#400);
#236=LINE('',#4446,#401);
#237=LINE('',#4447,#402);
#238=LINE('',#4448,#403);
#239=LINE('',#4457,#404);
#240=LINE('',#4464,#405);
#241=LINE('',#4465,#406);
#242=LINE('',#4466,#407);
#243=LINE('',#4467,#408);
#244=LINE('',#4478,#409);
#245=LINE('',#4479,#410);
#246=LINE('',#4481,#411);
#247=LINE('',#4482,#412);
#248=LINE('',#4484,#413);
#249=LINE('',#4485,#414);
#250=LINE('',#4487,#415);
#251=LINE('',#4488,#416);
#252=LINE('',#4490,#417);
#253=LINE('',#4491,#418);
#254=LINE('',#4493,#419);
#255=LINE('',#4494,#420);
#256=LINE('',#4496,#421);
#257=LINE('',#4497,#422);
#258=LINE('',#4499,#423);
#259=LINE('',#4500,#424);
#260=LINE('',#4502,#425);
#261=LINE('',#4503,#426);
#262=LINE('',#4505,#427);
#263=LINE('',#4506,#428);
#264=LINE('',#4508,#429);
#265=LINE('',#4509,#430);
#266=LINE('',#4511,#431);
#267=LINE('',#4512,#432);
#268=LINE('',#4526,#433);
#269=LINE('',#4527,#434);
#270=LINE('',#4529,#435);
#271=LINE('',#4530,#436);
#272=LINE('',#4534,#437);
#273=LINE('',#4539,#438);
#274=LINE('',#4548,#439);
#275=LINE('',#4550,#440);
#276=VECTOR('',#2679,1.);
#277=VECTOR('',#2680,1.);
#278=VECTOR('',#2683,1.);
#279=VECTOR('',#2684,1.);
#280=VECTOR('',#2701,1.);
#281=VECTOR('',#2702,1.);
#282=VECTOR('',#2703,1.);
#283=VECTOR('',#2704,1.);
#284=VECTOR('',#2705,1.);
#285=VECTOR('',#2706,1.);
#286=VECTOR('',#2707,1.);
#287=VECTOR('',#2708,1.);
#288=VECTOR('',#2711,1.);
#289=VECTOR('',#2712,1.);
#290=VECTOR('',#2713,1.);
#291=VECTOR('',#2714,1.);
#292=VECTOR('',#2715,1.);
#293=VECTOR('',#2716,1.);
#294=VECTOR('',#2717,1.);
#295=VECTOR('',#2718,1.);
#296=VECTOR('',#2731,1.);
#297=VECTOR('',#2734,1.);
#298=VECTOR('',#2739,1.);
#299=VECTOR('',#2740,1.);
#300=VECTOR('',#2743,1.);
#301=VECTOR('',#2744,1.);
#302=VECTOR('',#2745,1.);
#303=VECTOR('',#2746,1.);
#304=VECTOR('',#2749,1.);
#305=VECTOR('',#2750,1.);
#306=VECTOR('',#2751,1.);
#307=VECTOR('',#2752,1.);
#308=VECTOR('',#2753,1.);
#309=VECTOR('',#2758,1.);
#310=VECTOR('',#2761,1.);
#311=VECTOR('',#2762,1.);
#312=VECTOR('',#2763,1.);
#313=VECTOR('',#2764,1.);
#314=VECTOR('',#2775,1.);
#315=VECTOR('',#2776,1.);
#316=VECTOR('',#2801,1.);
#317=VECTOR('',#2804,1.);
#318=VECTOR('',#2817,1.);
#319=VECTOR('',#2820,1.);
#320=VECTOR('',#2827,1.);
#321=VECTOR('',#2830,1.);
#322=VECTOR('',#2835,1.);
#323=VECTOR('',#2836,1.);
#324=VECTOR('',#2839,1.);
#325=VECTOR('',#2840,1.);
#326=VECTOR('',#2849,1.);
#327=VECTOR('',#2850,1.);
#328=VECTOR('',#2859,1.);
#329=VECTOR('',#2860,1.);
#330=VECTOR('',#2863,1.);
#331=VECTOR('',#2864,1.);
#332=VECTOR('',#2867,1.);
#333=VECTOR('',#2868,1.);
#334=VECTOR('',#2869,1.);
#335=VECTOR('',#2870,1.);
#336=VECTOR('',#2871,1.);
#337=VECTOR('',#2872,1.);
#338=VECTOR('',#2873,1.);
#339=VECTOR('',#2874,1.);
#340=VECTOR('',#2875,1.);
#341=VECTOR('',#2876,1.);
#342=VECTOR('',#2905,1.);
#343=VECTOR('',#2906,1.);
#344=VECTOR('',#2909,1.);
#345=VECTOR('',#2910,1.);
#346=VECTOR('',#2927,1.);
#347=VECTOR('',#2930,1.);
#348=VECTOR('',#2933,1.);
#349=VECTOR('',#2938,1.);
#350=VECTOR('',#2941,1.);
#351=VECTOR('',#2944,1.);
#352=VECTOR('',#2945,1.);
#353=VECTOR('',#2946,1.);
#354=VECTOR('',#2947,1.);
#355=VECTOR('',#2948,1.);
#356=VECTOR('',#2949,1.);
#357=VECTOR('',#2952,1.);
#358=VECTOR('',#2953,1.);
#359=VECTOR('',#2954,1.);
#360=VECTOR('',#2955,1.);
#361=VECTOR('',#2958,1.);
#362=VECTOR('',#2959,1.);
#363=VECTOR('',#2960,1.);
#364=VECTOR('',#2961,1.);
#365=VECTOR('',#2962,1.);
#366=VECTOR('',#2963,1.);
#367=VECTOR('',#2964,1.);
#368=VECTOR('',#2965,1.);
#369=VECTOR('',#2970,1.);
#370=VECTOR('',#2971,1.);
#371=VECTOR('',#2972,1.);
#372=VECTOR('',#2975,1.);
#373=VECTOR('',#2976,1.);
#374=VECTOR('',#2977,1.);
#375=VECTOR('',#2978,1.);
#376=VECTOR('',#2979,1.);
#377=VECTOR('',#2984,1.);
#378=VECTOR('',#2987,1.);
#379=VECTOR('',#2992,1.);
#380=VECTOR('',#2993,1.);
#381=VECTOR('',#2996,1.);
#382=VECTOR('',#2997,1.);
#383=VECTOR('',#3002,1.);
#384=VECTOR('',#3005,1.);
#385=VECTOR('',#3026,1.);
#386=VECTOR('',#3029,1.);
#387=VECTOR('',#3030,1.);
#388=VECTOR('',#3033,1.);
#389=VECTOR('',#3056,1.);
#390=VECTOR('',#3057,1.);
#391=VECTOR('',#3058,1.);
#392=VECTOR('',#3059,1.);
#393=VECTOR('',#3060,1.);
#394=VECTOR('',#3061,1.);
#395=VECTOR('',#3062,1.);
#396=VECTOR('',#3063,1.);
#397=VECTOR('',#3086,1.);
#398=VECTOR('',#3087,1.);
#399=VECTOR('',#3096,1.);
#400=VECTOR('',#3097,1.);
#401=VECTOR('',#3102,1.);
#402=VECTOR('',#3103,1.);
#403=VECTOR('',#3104,1.);
#404=VECTOR('',#3109,1.);
#405=VECTOR('',#3112,1.);
#406=VECTOR('',#3113,1.);
#407=VECTOR('',#3114,1.);
#408=VECTOR('',#3115,1.);
#409=VECTOR('',#3132,1.);
#410=VECTOR('',#3133,1.);
#411=VECTOR('',#3136,1.);
#412=VECTOR('',#3137,1.);
#413=VECTOR('',#3140,1.);
#414=VECTOR('',#3141,1.);
#415=VECTOR('',#3144,1.);
#416=VECTOR('',#3145,1.);
#417=VECTOR('',#3148,1.);
#418=VECTOR('',#3149,1.);
#419=VECTOR('',#3152,1.);
#420=VECTOR('',#3153,1.);
#421=VECTOR('',#3156,1.);
#422=VECTOR('',#3157,1.);
#423=VECTOR('',#3160,1.);
#424=VECTOR('',#3161,1.);
#425=VECTOR('',#3164,1.);
#426=VECTOR('',#3165,1.);
#427=VECTOR('',#3168,1.);
#428=VECTOR('',#3169,1.);
#429=VECTOR('',#3172,1.);
#430=VECTOR('',#3173,1.);
#431=VECTOR('',#3176,1.);
#432=VECTOR('',#3177,1.);
#433=VECTOR('',#3204,1.);
#434=VECTOR('',#3205,1.);
#435=VECTOR('',#3208,1.);
#436=VECTOR('',#3209,1.);
#437=VECTOR('',#3216,1.);
#438=VECTOR('',#3225,1.);
#439=VECTOR('',#3242,1.);
#440=VECTOR('',#3245,1.);
#441=SHAPE_REPRESENTATION_RELATIONSHIP('','',#2422,#448);
#442=SHAPE_REPRESENTATION_RELATIONSHIP('','',#2423,#449);
#443=SHAPE_REPRESENTATION_RELATIONSHIP('','',#2424,#450);
#444=SHAPE_REPRESENTATION_RELATIONSHIP('','',#2425,#451);
#445=SHAPE_REPRESENTATION_RELATIONSHIP('','',#2426,#452);
#446=SHAPE_REPRESENTATION_RELATIONSHIP('','',#2427,#453);
#447=SHAPE_REPRESENTATION_RELATIONSHIP('','',#2428,#454);
#448=ADVANCED_BREP_SHAPE_REPRESENTATION('',(#2408),#4559);
#449=ADVANCED_BREP_SHAPE_REPRESENTATION('',(#2409),#4560);
#450=ADVANCED_BREP_SHAPE_REPRESENTATION('',(#2410),#4561);
#451=ADVANCED_BREP_SHAPE_REPRESENTATION('',(#2411),#4562);
#452=ADVANCED_BREP_SHAPE_REPRESENTATION('',(#2412),#4563);
#453=ADVANCED_BREP_SHAPE_REPRESENTATION('',(#2413),#4564);
#454=ADVANCED_BREP_SHAPE_REPRESENTATION('',(#2414),#4565);
#455=PLANE('',#2433);
#456=PLANE('',#2434);
#457=PLANE('',#2439);
#458=PLANE('',#2440);
#459=PLANE('',#2445);
#460=PLANE('',#2446);
#461=PLANE('',#2450);
#462=PLANE('',#2451);
#463=PLANE('',#2453);
#464=PLANE('',#2454);
#465=PLANE('',#2462);
#466=PLANE('',#2463);
#467=PLANE('',#2464);
#468=PLANE('',#2465);
#469=PLANE('',#2466);
#470=PLANE('',#2468);
#471=PLANE('',#2469);
#472=PLANE('',#2471);
#473=PLANE('',#2473);
#474=PLANE('',#2474);
#475=PLANE('',#2476);
#476=PLANE('',#2481);
#477=PLANE('',#2485);
#478=PLANE('',#2486);
#479=PLANE('',#2487);
#480=PLANE('',#2499);
#481=PLANE('',#2500);
#482=PLANE('',#2501);
#483=PLANE('',#2504);
#484=PLANE('',#2507);
#485=PLANE('',#2508);
#486=PLANE('',#2509);
#487=PLANE('',#2510);
#488=PLANE('',#2525);
#489=PLANE('',#2526);
#490=PLANE('',#2530);
#491=PLANE('',#2531);
#492=PLANE('',#2533);
#493=PLANE('',#2537);
#494=PLANE('',#2540);
#495=PLANE('',#2541);
#496=PLANE('',#2544);
#497=PLANE('',#2549);
#498=PLANE('',#2550);
#499=PLANE('',#2551);
#500=PLANE('',#2584);
#501=PLANE('',#2587);
#502=PLANE('',#2590);
#503=PLANE('',#2591);
#504=PLANE('',#2592);
#505=PLANE('',#2595);
#506=PLANE('',#2596);
#507=PLANE('',#2599);
#508=PLANE('',#2602);
#509=PLANE('',#2604);
#510=PLANE('',#2605);
#511=PLANE('',#2606);
#512=PLANE('',#2607);
#513=PLANE('',#2608);
#514=PLANE('',#2609);
#515=PLANE('',#2610);
#516=PLANE('',#2611);
#517=PLANE('',#2612);
#518=PLANE('',#2613);
#519=PLANE('',#2614);
#520=PLANE('',#2615);
#521=PLANE('',#2628);
#522=PLANE('',#2629);
#523=PLANE('',#2634);
#524=PLANE('',#2635);
#525=PLANE('',#2636);
#526=PLANE('',#2637);
#527=PLANE('',#2638);
#528=PLANE('',#2644);
#529=PLANE('',#2645);
#530=PLANE('',#2646);
#531=ORIENTED_EDGE('',*,*,#1179,.F.);
#532=ORIENTED_EDGE('',*,*,#1180,.T.);
#533=ORIENTED_EDGE('',*,*,#1179,.T.);
#534=ORIENTED_EDGE('',*,*,#1180,.F.);
#535=ORIENTED_EDGE('',*,*,#1181,.T.);
#536=ORIENTED_EDGE('',*,*,#1182,.F.);
#537=ORIENTED_EDGE('',*,*,#1181,.F.);
#538=ORIENTED_EDGE('',*,*,#1182,.T.);
#539=ORIENTED_EDGE('',*,*,#1183,.F.);
#540=ORIENTED_EDGE('',*,*,#1184,.T.);
#541=ORIENTED_EDGE('',*,*,#1185,.T.);
#542=ORIENTED_EDGE('',*,*,#1186,.F.);
#543=ORIENTED_EDGE('',*,*,#1187,.T.);
#544=ORIENTED_EDGE('',*,*,#1188,.F.);
#545=ORIENTED_EDGE('',*,*,#1184,.F.);
#546=ORIENTED_EDGE('',*,*,#1189,.F.);
#547=ORIENTED_EDGE('',*,*,#1183,.T.);
#548=ORIENTED_EDGE('',*,*,#1186,.T.);
#549=ORIENTED_EDGE('',*,*,#1190,.F.);
#550=ORIENTED_EDGE('',*,*,#1191,.F.);
#551=ORIENTED_EDGE('',*,*,#1188,.T.);
#552=ORIENTED_EDGE('',*,*,#1190,.T.);
#553=ORIENTED_EDGE('',*,*,#1185,.F.);
#554=ORIENTED_EDGE('',*,*,#1191,.T.);
#555=ORIENTED_EDGE('',*,*,#1189,.T.);
#556=ORIENTED_EDGE('',*,*,#1187,.F.);
#557=ORIENTED_EDGE('',*,*,#1192,.T.);
#558=ORIENTED_EDGE('',*,*,#1193,.T.);
#559=ORIENTED_EDGE('',*,*,#1194,.F.);
#560=ORIENTED_EDGE('',*,*,#1195,.F.);
#561=ORIENTED_EDGE('',*,*,#1196,.T.);
#562=ORIENTED_EDGE('',*,*,#1197,.T.);
#563=ORIENTED_EDGE('',*,*,#1198,.F.);
#564=ORIENTED_EDGE('',*,*,#1199,.F.);
#565=ORIENTED_EDGE('',*,*,#1200,.T.);
#566=ORIENTED_EDGE('',*,*,#1201,.F.);
#567=ORIENTED_EDGE('',*,*,#1202,.F.);
#568=ORIENTED_EDGE('',*,*,#1203,.T.);
#569=ORIENTED_EDGE('',*,*,#1204,.F.);
#570=ORIENTED_EDGE('',*,*,#1205,.F.);
#571=ORIENTED_EDGE('',*,*,#1206,.T.);
#572=ORIENTED_EDGE('',*,*,#1207,.T.);
#573=ORIENTED_EDGE('',*,*,#1208,.F.);
#574=ORIENTED_EDGE('',*,*,#1209,.F.);
#575=ORIENTED_EDGE('',*,*,#1210,.T.);
#576=ORIENTED_EDGE('',*,*,#1211,.F.);
#577=ORIENTED_EDGE('',*,*,#1212,.T.);
#578=ORIENTED_EDGE('',*,*,#1213,.T.);
#579=ORIENTED_EDGE('',*,*,#1214,.F.);
#580=ORIENTED_EDGE('',*,*,#1215,.T.);
#581=ORIENTED_EDGE('',*,*,#1216,.T.);
#582=ORIENTED_EDGE('',*,*,#1217,.T.);
#583=ORIENTED_EDGE('',*,*,#1218,.T.);
#584=ORIENTED_EDGE('',*,*,#1210,.F.);
#585=ORIENTED_EDGE('',*,*,#1214,.T.);
#586=ORIENTED_EDGE('',*,*,#1217,.F.);
#587=ORIENTED_EDGE('',*,*,#1219,.T.);
#588=ORIENTED_EDGE('',*,*,#1211,.T.);
#589=ORIENTED_EDGE('',*,*,#1220,.F.);
#590=ORIENTED_EDGE('',*,*,#1221,.T.);
#591=ORIENTED_EDGE('',*,*,#1222,.T.);
#592=ORIENTED_EDGE('',*,*,#1223,.F.);
#593=ORIENTED_EDGE('',*,*,#1224,.F.);
#594=ORIENTED_EDGE('',*,*,#1225,.T.);
#595=ORIENTED_EDGE('',*,*,#1226,.T.);
#596=ORIENTED_EDGE('',*,*,#1227,.F.);
#597=ORIENTED_EDGE('',*,*,#1228,.F.);
#598=ORIENTED_EDGE('',*,*,#1223,.T.);
#599=ORIENTED_EDGE('',*,*,#1229,.F.);
#600=ORIENTED_EDGE('',*,*,#1197,.F.);
#601=ORIENTED_EDGE('',*,*,#1230,.F.);
#602=ORIENTED_EDGE('',*,*,#1201,.T.);
#603=ORIENTED_EDGE('',*,*,#1227,.T.);
#604=ORIENTED_EDGE('',*,*,#1231,.T.);
#605=ORIENTED_EDGE('',*,*,#1232,.F.);
#606=ORIENTED_EDGE('',*,*,#1233,.T.);
#607=ORIENTED_EDGE('',*,*,#1203,.F.);
#608=ORIENTED_EDGE('',*,*,#1234,.F.);
#609=ORIENTED_EDGE('',*,*,#1195,.T.);
#610=ORIENTED_EDGE('',*,*,#1235,.T.);
#611=ORIENTED_EDGE('',*,*,#1221,.F.);
#612=ORIENTED_EDGE('',*,*,#1236,.F.);
#613=ORIENTED_EDGE('',*,*,#1237,.T.);
#614=ORIENTED_EDGE('',*,*,#1218,.F.);
#615=ORIENTED_EDGE('',*,*,#1220,.T.);
#616=ORIENTED_EDGE('',*,*,#1238,.F.);
#617=ORIENTED_EDGE('',*,*,#1224,.T.);
#618=ORIENTED_EDGE('',*,*,#1228,.T.);
#619=ORIENTED_EDGE('',*,*,#1232,.T.);
#620=ORIENTED_EDGE('',*,*,#1239,.T.);
#621=ORIENTED_EDGE('',*,*,#1236,.T.);
#622=ORIENTED_EDGE('',*,*,#1225,.F.);
#623=ORIENTED_EDGE('',*,*,#1200,.F.);
#624=ORIENTED_EDGE('',*,*,#1233,.F.);
#625=ORIENTED_EDGE('',*,*,#1219,.F.);
#626=ORIENTED_EDGE('',*,*,#1216,.F.);
#627=ORIENTED_EDGE('',*,*,#1240,.T.);
#628=ORIENTED_EDGE('',*,*,#1194,.T.);
#629=ORIENTED_EDGE('',*,*,#1241,.T.);
#630=ORIENTED_EDGE('',*,*,#1207,.F.);
#631=ORIENTED_EDGE('',*,*,#1242,.F.);
#632=ORIENTED_EDGE('',*,*,#1198,.T.);
#633=ORIENTED_EDGE('',*,*,#1229,.T.);
#634=ORIENTED_EDGE('',*,*,#1222,.F.);
#635=ORIENTED_EDGE('',*,*,#1235,.F.);
#636=ORIENTED_EDGE('',*,*,#1196,.F.);
#637=ORIENTED_EDGE('',*,*,#1234,.T.);
#638=ORIENTED_EDGE('',*,*,#1202,.T.);
#639=ORIENTED_EDGE('',*,*,#1230,.T.);
#640=ORIENTED_EDGE('',*,*,#1243,.F.);
#641=ORIENTED_EDGE('',*,*,#1244,.T.);
#642=ORIENTED_EDGE('',*,*,#1243,.T.);
#643=ORIENTED_EDGE('',*,*,#1244,.F.);
#644=ORIENTED_EDGE('',*,*,#1238,.T.);
#645=ORIENTED_EDGE('',*,*,#1245,.T.);
#646=ORIENTED_EDGE('',*,*,#1245,.F.);
#647=ORIENTED_EDGE('',*,*,#1239,.F.);
#648=ORIENTED_EDGE('',*,*,#1231,.F.);
#649=ORIENTED_EDGE('',*,*,#1226,.F.);
#650=ORIENTED_EDGE('',*,*,#1240,.F.);
#651=ORIENTED_EDGE('',*,*,#1215,.F.);
#652=ORIENTED_EDGE('',*,*,#1237,.F.);
#653=ORIENTED_EDGE('',*,*,#1209,.T.);
#654=ORIENTED_EDGE('',*,*,#1213,.F.);
#655=ORIENTED_EDGE('',*,*,#1208,.T.);
#656=ORIENTED_EDGE('',*,*,#1212,.F.);
#657=ORIENTED_EDGE('',*,*,#1246,.T.);
#658=ORIENTED_EDGE('',*,*,#1204,.T.);
#659=ORIENTED_EDGE('',*,*,#1241,.F.);
#660=ORIENTED_EDGE('',*,*,#1193,.F.);
#661=ORIENTED_EDGE('',*,*,#1199,.T.);
#662=ORIENTED_EDGE('',*,*,#1242,.T.);
#663=ORIENTED_EDGE('',*,*,#1206,.F.);
#664=ORIENTED_EDGE('',*,*,#1247,.F.);
#665=ORIENTED_EDGE('',*,*,#1247,.T.);
#666=ORIENTED_EDGE('',*,*,#1205,.T.);
#667=ORIENTED_EDGE('',*,*,#1246,.F.);
#668=ORIENTED_EDGE('',*,*,#1192,.F.);
#669=ORIENTED_EDGE('',*,*,#1248,.T.);
#670=ORIENTED_EDGE('',*,*,#1249,.T.);
#671=ORIENTED_EDGE('',*,*,#1250,.T.);
#672=ORIENTED_EDGE('',*,*,#1251,.T.);
#673=ORIENTED_EDGE('',*,*,#1252,.T.);
#674=ORIENTED_EDGE('',*,*,#1253,.T.);
#675=ORIENTED_EDGE('',*,*,#1254,.T.);
#676=ORIENTED_EDGE('',*,*,#1255,.T.);
#677=ORIENTED_EDGE('',*,*,#1256,.T.);
#678=ORIENTED_EDGE('',*,*,#1257,.F.);
#679=ORIENTED_EDGE('',*,*,#1258,.F.);
#680=ORIENTED_EDGE('',*,*,#1259,.T.);
#681=ORIENTED_EDGE('',*,*,#1260,.T.);
#682=ORIENTED_EDGE('',*,*,#1261,.T.);
#683=ORIENTED_EDGE('',*,*,#1262,.F.);
#684=ORIENTED_EDGE('',*,*,#1263,.T.);
#685=ORIENTED_EDGE('',*,*,#1264,.F.);
#686=ORIENTED_EDGE('',*,*,#1265,.T.);
#687=ORIENTED_EDGE('',*,*,#1266,.F.);
#688=ORIENTED_EDGE('',*,*,#1267,.T.);
#689=ORIENTED_EDGE('',*,*,#1268,.F.);
#690=ORIENTED_EDGE('',*,*,#1269,.T.);
#691=ORIENTED_EDGE('',*,*,#1270,.F.);
#692=ORIENTED_EDGE('',*,*,#1271,.T.);
#693=ORIENTED_EDGE('',*,*,#1272,.F.);
#694=ORIENTED_EDGE('',*,*,#1273,.T.);
#695=ORIENTED_EDGE('',*,*,#1274,.F.);
#696=ORIENTED_EDGE('',*,*,#1275,.T.);
#697=ORIENTED_EDGE('',*,*,#1276,.F.);
#698=ORIENTED_EDGE('',*,*,#1277,.T.);
#699=ORIENTED_EDGE('',*,*,#1278,.F.);
#700=ORIENTED_EDGE('',*,*,#1279,.T.);
#701=ORIENTED_EDGE('',*,*,#1280,.T.);
#702=ORIENTED_EDGE('',*,*,#1281,.T.);
#703=ORIENTED_EDGE('',*,*,#1282,.T.);
#704=ORIENTED_EDGE('',*,*,#1283,.T.);
#705=ORIENTED_EDGE('',*,*,#1284,.T.);
#706=ORIENTED_EDGE('',*,*,#1285,.T.);
#707=ORIENTED_EDGE('',*,*,#1286,.T.);
#708=ORIENTED_EDGE('',*,*,#1287,.T.);
#709=ORIENTED_EDGE('',*,*,#1288,.T.);
#710=ORIENTED_EDGE('',*,*,#1289,.T.);
#711=ORIENTED_EDGE('',*,*,#1276,.T.);
#712=ORIENTED_EDGE('',*,*,#1290,.T.);
#713=ORIENTED_EDGE('',*,*,#1253,.F.);
#714=ORIENTED_EDGE('',*,*,#1291,.T.);
#715=ORIENTED_EDGE('',*,*,#1264,.T.);
#716=ORIENTED_EDGE('',*,*,#1292,.T.);
#717=ORIENTED_EDGE('',*,*,#1286,.F.);
#718=ORIENTED_EDGE('',*,*,#1293,.T.);
#719=ORIENTED_EDGE('',*,*,#1294,.F.);
#720=ORIENTED_EDGE('',*,*,#1294,.T.);
#721=ORIENTED_EDGE('',*,*,#1248,.F.);
#722=ORIENTED_EDGE('',*,*,#1272,.T.);
#723=ORIENTED_EDGE('',*,*,#1295,.T.);
#724=ORIENTED_EDGE('',*,*,#1249,.F.);
#725=ORIENTED_EDGE('',*,*,#1296,.T.);
#726=ORIENTED_EDGE('',*,*,#1297,.F.);
#727=ORIENTED_EDGE('',*,*,#1257,.T.);
#728=ORIENTED_EDGE('',*,*,#1297,.T.);
#729=ORIENTED_EDGE('',*,*,#1260,.F.);
#730=ORIENTED_EDGE('',*,*,#1298,.T.);
#731=ORIENTED_EDGE('',*,*,#1278,.T.);
#732=ORIENTED_EDGE('',*,*,#1299,.T.);
#733=ORIENTED_EDGE('',*,*,#1268,.T.);
#734=ORIENTED_EDGE('',*,*,#1300,.T.);
#735=ORIENTED_EDGE('',*,*,#1282,.F.);
#736=ORIENTED_EDGE('',*,*,#1301,.T.);
#737=ORIENTED_EDGE('',*,*,#1280,.F.);
#738=ORIENTED_EDGE('',*,*,#1302,.T.);
#739=ORIENTED_EDGE('',*,*,#1258,.T.);
#740=ORIENTED_EDGE('',*,*,#1303,.T.);
#741=ORIENTED_EDGE('',*,*,#1274,.T.);
#742=ORIENTED_EDGE('',*,*,#1304,.T.);
#743=ORIENTED_EDGE('',*,*,#1255,.F.);
#744=ORIENTED_EDGE('',*,*,#1305,.T.);
#745=ORIENTED_EDGE('',*,*,#1251,.F.);
#746=ORIENTED_EDGE('',*,*,#1306,.T.);
#747=ORIENTED_EDGE('',*,*,#1270,.T.);
#748=ORIENTED_EDGE('',*,*,#1307,.T.);
#749=ORIENTED_EDGE('',*,*,#1284,.F.);
#750=ORIENTED_EDGE('',*,*,#1308,.T.);
#751=ORIENTED_EDGE('',*,*,#1266,.T.);
#752=ORIENTED_EDGE('',*,*,#1309,.T.);
#753=ORIENTED_EDGE('',*,*,#1288,.F.);
#754=ORIENTED_EDGE('',*,*,#1310,.T.);
#755=ORIENTED_EDGE('',*,*,#1262,.T.);
#756=ORIENTED_EDGE('',*,*,#1311,.T.);
#757=ORIENTED_EDGE('',*,*,#1271,.F.);
#758=ORIENTED_EDGE('',*,*,#1306,.F.);
#759=ORIENTED_EDGE('',*,*,#1250,.F.);
#760=ORIENTED_EDGE('',*,*,#1295,.F.);
#761=ORIENTED_EDGE('',*,*,#1256,.F.);
#762=ORIENTED_EDGE('',*,*,#1304,.F.);
#763=ORIENTED_EDGE('',*,*,#1273,.F.);
#764=ORIENTED_EDGE('',*,*,#1296,.F.);
#765=ORIENTED_EDGE('',*,*,#1254,.F.);
#766=ORIENTED_EDGE('',*,*,#1290,.F.);
#767=ORIENTED_EDGE('',*,*,#1275,.F.);
#768=ORIENTED_EDGE('',*,*,#1305,.F.);
#769=ORIENTED_EDGE('',*,*,#1277,.F.);
#770=ORIENTED_EDGE('',*,*,#1291,.F.);
#771=ORIENTED_EDGE('',*,*,#1252,.F.);
#772=ORIENTED_EDGE('',*,*,#1307,.F.);
#773=ORIENTED_EDGE('',*,*,#1279,.F.);
#774=ORIENTED_EDGE('',*,*,#1298,.F.);
#775=ORIENTED_EDGE('',*,*,#1259,.F.);
#776=ORIENTED_EDGE('',*,*,#1302,.F.);
#777=ORIENTED_EDGE('',*,*,#1287,.F.);
#778=ORIENTED_EDGE('',*,*,#1292,.F.);
#779=ORIENTED_EDGE('',*,*,#1263,.F.);
#780=ORIENTED_EDGE('',*,*,#1310,.F.);
#781=ORIENTED_EDGE('',*,*,#1261,.F.);
#782=ORIENTED_EDGE('',*,*,#1299,.F.);
#783=ORIENTED_EDGE('',*,*,#1289,.F.);
#784=ORIENTED_EDGE('',*,*,#1311,.F.);
#785=ORIENTED_EDGE('',*,*,#1267,.F.);
#786=ORIENTED_EDGE('',*,*,#1308,.F.);
#787=ORIENTED_EDGE('',*,*,#1283,.F.);
#788=ORIENTED_EDGE('',*,*,#1300,.F.);
#789=ORIENTED_EDGE('',*,*,#1281,.F.);
#790=ORIENTED_EDGE('',*,*,#1303,.F.);
#791=ORIENTED_EDGE('',*,*,#1269,.F.);
#792=ORIENTED_EDGE('',*,*,#1301,.F.);
#793=ORIENTED_EDGE('',*,*,#1265,.F.);
#794=ORIENTED_EDGE('',*,*,#1293,.F.);
#795=ORIENTED_EDGE('',*,*,#1285,.F.);
#796=ORIENTED_EDGE('',*,*,#1309,.F.);
#797=ORIENTED_EDGE('',*,*,#1312,.T.);
#798=ORIENTED_EDGE('',*,*,#1313,.F.);
#799=ORIENTED_EDGE('',*,*,#1314,.T.);
#800=ORIENTED_EDGE('',*,*,#1315,.F.);
#801=ORIENTED_EDGE('',*,*,#1316,.T.);
#802=ORIENTED_EDGE('',*,*,#1317,.F.);
#803=ORIENTED_EDGE('',*,*,#1313,.T.);
#804=ORIENTED_EDGE('',*,*,#1318,.F.);
#805=ORIENTED_EDGE('',*,*,#1312,.F.);
#806=ORIENTED_EDGE('',*,*,#1315,.T.);
#807=ORIENTED_EDGE('',*,*,#1319,.F.);
#808=ORIENTED_EDGE('',*,*,#1320,.F.);
#809=ORIENTED_EDGE('',*,*,#1317,.T.);
#810=ORIENTED_EDGE('',*,*,#1319,.T.);
#811=ORIENTED_EDGE('',*,*,#1314,.F.);
#812=ORIENTED_EDGE('',*,*,#1320,.T.);
#813=ORIENTED_EDGE('',*,*,#1318,.T.);
#814=ORIENTED_EDGE('',*,*,#1316,.F.);
#815=ORIENTED_EDGE('',*,*,#1321,.T.);
#816=ORIENTED_EDGE('',*,*,#1322,.T.);
#817=ORIENTED_EDGE('',*,*,#1323,.T.);
#818=ORIENTED_EDGE('',*,*,#1324,.T.);
#819=ORIENTED_EDGE('',*,*,#1325,.F.);
#820=ORIENTED_EDGE('',*,*,#1326,.T.);
#821=ORIENTED_EDGE('',*,*,#1327,.T.);
#822=ORIENTED_EDGE('',*,*,#1328,.T.);
#823=ORIENTED_EDGE('',*,*,#1329,.F.);
#824=ORIENTED_EDGE('',*,*,#1330,.T.);
#825=ORIENTED_EDGE('',*,*,#1331,.F.);
#826=ORIENTED_EDGE('',*,*,#1332,.T.);
#827=ORIENTED_EDGE('',*,*,#1333,.F.);
#828=ORIENTED_EDGE('',*,*,#1334,.T.);
#829=ORIENTED_EDGE('',*,*,#1335,.T.);
#830=ORIENTED_EDGE('',*,*,#1336,.T.);
#831=ORIENTED_EDGE('',*,*,#1337,.F.);
#832=ORIENTED_EDGE('',*,*,#1338,.T.);
#833=ORIENTED_EDGE('',*,*,#1339,.T.);
#834=ORIENTED_EDGE('',*,*,#1340,.T.);
#835=ORIENTED_EDGE('',*,*,#1341,.F.);
#836=ORIENTED_EDGE('',*,*,#1342,.F.);
#837=ORIENTED_EDGE('',*,*,#1343,.F.);
#838=ORIENTED_EDGE('',*,*,#1344,.F.);
#839=ORIENTED_EDGE('',*,*,#1345,.F.);
#840=ORIENTED_EDGE('',*,*,#1346,.T.);
#841=ORIENTED_EDGE('',*,*,#1347,.F.);
#842=ORIENTED_EDGE('',*,*,#1348,.T.);
#843=ORIENTED_EDGE('',*,*,#1349,.F.);
#844=ORIENTED_EDGE('',*,*,#1337,.T.);
#845=ORIENTED_EDGE('',*,*,#1350,.F.);
#846=ORIENTED_EDGE('',*,*,#1351,.F.);
#847=ORIENTED_EDGE('',*,*,#1352,.T.);
#848=ORIENTED_EDGE('',*,*,#1353,.F.);
#849=ORIENTED_EDGE('',*,*,#1354,.F.);
#850=ORIENTED_EDGE('',*,*,#1355,.T.);
#851=ORIENTED_EDGE('',*,*,#1356,.T.);
#852=ORIENTED_EDGE('',*,*,#1357,.F.);
#853=ORIENTED_EDGE('',*,*,#1358,.T.);
#854=ORIENTED_EDGE('',*,*,#1359,.T.);
#855=ORIENTED_EDGE('',*,*,#1339,.F.);
#856=ORIENTED_EDGE('',*,*,#1360,.T.);
#857=ORIENTED_EDGE('',*,*,#1361,.F.);
#858=ORIENTED_EDGE('',*,*,#1362,.T.);
#859=ORIENTED_EDGE('',*,*,#1363,.T.);
#860=ORIENTED_EDGE('',*,*,#1364,.T.);
#861=ORIENTED_EDGE('',*,*,#1365,.F.);
#862=ORIENTED_EDGE('',*,*,#1344,.T.);
#863=ORIENTED_EDGE('',*,*,#1366,.T.);
#864=ORIENTED_EDGE('',*,*,#1335,.F.);
#865=ORIENTED_EDGE('',*,*,#1346,.F.);
#866=ORIENTED_EDGE('',*,*,#1367,.T.);
#867=ORIENTED_EDGE('',*,*,#1333,.T.);
#868=ORIENTED_EDGE('',*,*,#1368,.F.);
#869=ORIENTED_EDGE('',*,*,#1369,.F.);
#870=ORIENTED_EDGE('',*,*,#1370,.F.);
#871=ORIENTED_EDGE('',*,*,#1371,.T.);
#872=ORIENTED_EDGE('',*,*,#1372,.T.);
#873=ORIENTED_EDGE('',*,*,#1373,.T.);
#874=ORIENTED_EDGE('',*,*,#1374,.T.);
#875=ORIENTED_EDGE('',*,*,#1375,.F.);
#876=ORIENTED_EDGE('',*,*,#1376,.T.);
#877=ORIENTED_EDGE('',*,*,#1377,.F.);
#878=ORIENTED_EDGE('',*,*,#1378,.T.);
#879=ORIENTED_EDGE('',*,*,#1379,.F.);
#880=ORIENTED_EDGE('',*,*,#1380,.T.);
#881=ORIENTED_EDGE('',*,*,#1381,.T.);
#882=ORIENTED_EDGE('',*,*,#1382,.T.);
#883=ORIENTED_EDGE('',*,*,#1383,.T.);
#884=ORIENTED_EDGE('',*,*,#1384,.T.);
#885=ORIENTED_EDGE('',*,*,#1385,.T.);
#886=ORIENTED_EDGE('',*,*,#1386,.T.);
#887=ORIENTED_EDGE('',*,*,#1387,.T.);
#888=ORIENTED_EDGE('',*,*,#1388,.T.);
#889=ORIENTED_EDGE('',*,*,#1389,.T.);
#890=ORIENTED_EDGE('',*,*,#1390,.T.);
#891=ORIENTED_EDGE('',*,*,#1391,.T.);
#892=ORIENTED_EDGE('',*,*,#1392,.T.);
#893=ORIENTED_EDGE('',*,*,#1393,.F.);
#894=ORIENTED_EDGE('',*,*,#1394,.T.);
#895=ORIENTED_EDGE('',*,*,#1371,.F.);
#896=ORIENTED_EDGE('',*,*,#1395,.T.);
#897=ORIENTED_EDGE('',*,*,#1396,.T.);
#898=ORIENTED_EDGE('',*,*,#1397,.T.);
#899=ORIENTED_EDGE('',*,*,#1398,.T.);
#900=ORIENTED_EDGE('',*,*,#1399,.T.);
#901=ORIENTED_EDGE('',*,*,#1400,.T.);
#902=ORIENTED_EDGE('',*,*,#1401,.T.);
#903=ORIENTED_EDGE('',*,*,#1402,.T.);
#904=ORIENTED_EDGE('',*,*,#1403,.T.);
#905=ORIENTED_EDGE('',*,*,#1404,.F.);
#906=ORIENTED_EDGE('',*,*,#1405,.F.);
#907=ORIENTED_EDGE('',*,*,#1406,.T.);
#908=ORIENTED_EDGE('',*,*,#1407,.F.);
#909=ORIENTED_EDGE('',*,*,#1408,.T.);
#910=ORIENTED_EDGE('',*,*,#1409,.F.);
#911=ORIENTED_EDGE('',*,*,#1410,.T.);
#912=ORIENTED_EDGE('',*,*,#1411,.F.);
#913=ORIENTED_EDGE('',*,*,#1412,.F.);
#914=ORIENTED_EDGE('',*,*,#1413,.F.);
#915=ORIENTED_EDGE('',*,*,#1414,.T.);
#916=ORIENTED_EDGE('',*,*,#1415,.F.);
#917=ORIENTED_EDGE('',*,*,#1416,.T.);
#918=ORIENTED_EDGE('',*,*,#1417,.F.);
#919=ORIENTED_EDGE('',*,*,#1418,.T.);
#920=ORIENTED_EDGE('',*,*,#1419,.F.);
#921=ORIENTED_EDGE('',*,*,#1420,.T.);
#922=ORIENTED_EDGE('',*,*,#1421,.F.);
#923=ORIENTED_EDGE('',*,*,#1422,.T.);
#924=ORIENTED_EDGE('',*,*,#1423,.F.);
#925=ORIENTED_EDGE('',*,*,#1424,.T.);
#926=ORIENTED_EDGE('',*,*,#1425,.T.);
#927=ORIENTED_EDGE('',*,*,#1426,.F.);
#928=ORIENTED_EDGE('',*,*,#1367,.F.);
#929=ORIENTED_EDGE('',*,*,#1427,.F.);
#930=ORIENTED_EDGE('',*,*,#1362,.F.);
#931=ORIENTED_EDGE('',*,*,#1428,.T.);
#932=ORIENTED_EDGE('',*,*,#1369,.T.);
#933=ORIENTED_EDGE('',*,*,#1429,.F.);
#934=ORIENTED_EDGE('',*,*,#1364,.F.);
#935=ORIENTED_EDGE('',*,*,#1430,.T.);
#936=ORIENTED_EDGE('',*,*,#1365,.T.);
#937=ORIENTED_EDGE('',*,*,#1431,.T.);
#938=ORIENTED_EDGE('',*,*,#1432,.F.);
#939=ORIENTED_EDGE('',*,*,#1433,.T.);
#940=ORIENTED_EDGE('',*,*,#1434,.T.);
#941=ORIENTED_EDGE('',*,*,#1435,.T.);
#942=ORIENTED_EDGE('',*,*,#1436,.T.);
#943=ORIENTED_EDGE('',*,*,#1437,.F.);
#944=ORIENTED_EDGE('',*,*,#1438,.T.);
#945=ORIENTED_EDGE('',*,*,#1439,.T.);
#946=ORIENTED_EDGE('',*,*,#1440,.T.);
#947=ORIENTED_EDGE('',*,*,#1441,.T.);
#948=ORIENTED_EDGE('',*,*,#1442,.T.);
#949=ORIENTED_EDGE('',*,*,#1443,.T.);
#950=ORIENTED_EDGE('',*,*,#1444,.T.);
#951=ORIENTED_EDGE('',*,*,#1445,.T.);
#952=ORIENTED_EDGE('',*,*,#1446,.T.);
#953=ORIENTED_EDGE('',*,*,#1447,.T.);
#954=ORIENTED_EDGE('',*,*,#1448,.T.);
#955=ORIENTED_EDGE('',*,*,#1449,.T.);
#956=ORIENTED_EDGE('',*,*,#1450,.T.);
#957=ORIENTED_EDGE('',*,*,#1451,.T.);
#958=ORIENTED_EDGE('',*,*,#1451,.F.);
#959=ORIENTED_EDGE('',*,*,#1393,.T.);
#960=ORIENTED_EDGE('',*,*,#1402,.F.);
#961=ORIENTED_EDGE('',*,*,#1452,.T.);
#962=ORIENTED_EDGE('',*,*,#1437,.T.);
#963=ORIENTED_EDGE('',*,*,#1453,.T.);
#964=ORIENTED_EDGE('',*,*,#1454,.T.);
#965=ORIENTED_EDGE('',*,*,#1394,.F.);
#966=ORIENTED_EDGE('',*,*,#1454,.F.);
#967=ORIENTED_EDGE('',*,*,#1321,.F.);
#968=ORIENTED_EDGE('',*,*,#1455,.T.);
#969=ORIENTED_EDGE('',*,*,#1329,.T.);
#970=ORIENTED_EDGE('',*,*,#1456,.T.);
#971=ORIENTED_EDGE('',*,*,#1457,.T.);
#972=ORIENTED_EDGE('',*,*,#1361,.T.);
#973=ORIENTED_EDGE('',*,*,#1458,.T.);
#974=ORIENTED_EDGE('',*,*,#1348,.F.);
#975=ORIENTED_EDGE('',*,*,#1459,.T.);
#976=ORIENTED_EDGE('',*,*,#1331,.T.);
#977=ORIENTED_EDGE('',*,*,#1460,.T.);
#978=ORIENTED_EDGE('',*,*,#1325,.T.);
#979=ORIENTED_EDGE('',*,*,#1461,.T.);
#980=ORIENTED_EDGE('',*,*,#1395,.F.);
#981=ORIENTED_EDGE('',*,*,#1370,.T.);
#982=ORIENTED_EDGE('',*,*,#1428,.F.);
#983=ORIENTED_EDGE('',*,*,#1462,.F.);
#984=ORIENTED_EDGE('',*,*,#1463,.F.);
#985=ORIENTED_EDGE('',*,*,#1358,.F.);
#986=ORIENTED_EDGE('',*,*,#1429,.T.);
#987=ORIENTED_EDGE('',*,*,#1372,.F.);
#988=ORIENTED_EDGE('',*,*,#1397,.F.);
#989=ORIENTED_EDGE('',*,*,#1464,.T.);
#990=ORIENTED_EDGE('',*,*,#1323,.F.);
#991=ORIENTED_EDGE('',*,*,#1342,.T.);
#992=ORIENTED_EDGE('',*,*,#1465,.F.);
#993=ORIENTED_EDGE('',*,*,#1354,.T.);
#994=ORIENTED_EDGE('',*,*,#1466,.T.);
#995=ORIENTED_EDGE('',*,*,#1351,.T.);
#996=ORIENTED_EDGE('',*,*,#1467,.T.);
#997=ORIENTED_EDGE('',*,*,#1327,.F.);
#998=ORIENTED_EDGE('',*,*,#1468,.T.);
#999=ORIENTED_EDGE('',*,*,#1469,.F.);
#1000=ORIENTED_EDGE('',*,*,#1462,.T.);
#1001=ORIENTED_EDGE('',*,*,#1469,.T.);
#1002=ORIENTED_EDGE('',*,*,#1470,.T.);
#1003=ORIENTED_EDGE('',*,*,#1457,.F.);
#1004=ORIENTED_EDGE('',*,*,#1470,.F.);
#1005=ORIENTED_EDGE('',*,*,#1464,.F.);
#1006=ORIENTED_EDGE('',*,*,#1396,.F.);
#1007=ORIENTED_EDGE('',*,*,#1461,.F.);
#1008=ORIENTED_EDGE('',*,*,#1324,.F.);
#1009=ORIENTED_EDGE('',*,*,#1389,.F.);
#1010=ORIENTED_EDGE('',*,*,#1471,.T.);
#1011=ORIENTED_EDGE('',*,*,#1421,.T.);
#1012=ORIENTED_EDGE('',*,*,#1472,.T.);
#1013=ORIENTED_EDGE('',*,*,#1387,.F.);
#1014=ORIENTED_EDGE('',*,*,#1473,.T.);
#1015=ORIENTED_EDGE('',*,*,#1423,.T.);
#1016=ORIENTED_EDGE('',*,*,#1474,.T.);
#1017=ORIENTED_EDGE('',*,*,#1419,.T.);
#1018=ORIENTED_EDGE('',*,*,#1475,.T.);
#1019=ORIENTED_EDGE('',*,*,#1391,.F.);
#1020=ORIENTED_EDGE('',*,*,#1476,.T.);
#1021=ORIENTED_EDGE('',*,*,#1385,.F.);
#1022=ORIENTED_EDGE('',*,*,#1477,.T.);
#1023=ORIENTED_EDGE('',*,*,#1413,.T.);
#1024=ORIENTED_EDGE('',*,*,#1478,.T.);
#1025=ORIENTED_EDGE('',*,*,#1415,.T.);
#1026=ORIENTED_EDGE('',*,*,#1479,.T.);
#1027=ORIENTED_EDGE('',*,*,#1383,.F.);
#1028=ORIENTED_EDGE('',*,*,#1480,.T.);
#1029=ORIENTED_EDGE('',*,*,#1417,.T.);
#1030=ORIENTED_EDGE('',*,*,#1481,.T.);
#1031=ORIENTED_EDGE('',*,*,#1381,.F.);
#1032=ORIENTED_EDGE('',*,*,#1482,.T.);
#1033=ORIENTED_EDGE('',*,*,#1377,.T.);
#1034=ORIENTED_EDGE('',*,*,#1483,.T.);
#1035=ORIENTED_EDGE('',*,*,#1441,.F.);
#1036=ORIENTED_EDGE('',*,*,#1484,.T.);
#1037=ORIENTED_EDGE('',*,*,#1439,.F.);
#1038=ORIENTED_EDGE('',*,*,#1485,.T.);
#1039=ORIENTED_EDGE('',*,*,#1379,.T.);
#1040=ORIENTED_EDGE('',*,*,#1486,.T.);
#1041=ORIENTED_EDGE('',*,*,#1443,.F.);
#1042=ORIENTED_EDGE('',*,*,#1487,.T.);
#1043=ORIENTED_EDGE('',*,*,#1375,.T.);
#1044=ORIENTED_EDGE('',*,*,#1488,.T.);
#1045=ORIENTED_EDGE('',*,*,#1405,.T.);
#1046=ORIENTED_EDGE('',*,*,#1489,.T.);
#1047=ORIENTED_EDGE('',*,*,#1449,.F.);
#1048=ORIENTED_EDGE('',*,*,#1490,.T.);
#1049=ORIENTED_EDGE('',*,*,#1447,.F.);
#1050=ORIENTED_EDGE('',*,*,#1491,.T.);
#1051=ORIENTED_EDGE('',*,*,#1407,.T.);
#1052=ORIENTED_EDGE('',*,*,#1492,.T.);
#1053=ORIENTED_EDGE('',*,*,#1445,.F.);
#1054=ORIENTED_EDGE('',*,*,#1493,.T.);
#1055=ORIENTED_EDGE('',*,*,#1409,.T.);
#1056=ORIENTED_EDGE('',*,*,#1494,.T.);
#1057=ORIENTED_EDGE('',*,*,#1414,.F.);
#1058=ORIENTED_EDGE('',*,*,#1477,.F.);
#1059=ORIENTED_EDGE('',*,*,#1384,.F.);
#1060=ORIENTED_EDGE('',*,*,#1479,.F.);
#1061=ORIENTED_EDGE('',*,*,#1416,.F.);
#1062=ORIENTED_EDGE('',*,*,#1480,.F.);
#1063=ORIENTED_EDGE('',*,*,#1382,.F.);
#1064=ORIENTED_EDGE('',*,*,#1481,.F.);
#1065=ORIENTED_EDGE('',*,*,#1418,.F.);
#1066=ORIENTED_EDGE('',*,*,#1482,.F.);
#1067=ORIENTED_EDGE('',*,*,#1386,.F.);
#1068=ORIENTED_EDGE('',*,*,#1478,.F.);
#1069=ORIENTED_EDGE('',*,*,#1442,.F.);
#1070=ORIENTED_EDGE('',*,*,#1483,.F.);
#1071=ORIENTED_EDGE('',*,*,#1376,.F.);
#1072=ORIENTED_EDGE('',*,*,#1487,.F.);
#1073=ORIENTED_EDGE('',*,*,#1444,.F.);
#1074=ORIENTED_EDGE('',*,*,#1488,.F.);
#1075=ORIENTED_EDGE('',*,*,#1380,.F.);
#1076=ORIENTED_EDGE('',*,*,#1485,.F.);
#1077=ORIENTED_EDGE('',*,*,#1440,.F.);
#1078=ORIENTED_EDGE('',*,*,#1486,.F.);
#1079=ORIENTED_EDGE('',*,*,#1378,.F.);
#1080=ORIENTED_EDGE('',*,*,#1484,.F.);
#1081=ORIENTED_EDGE('',*,*,#1410,.F.);
#1082=ORIENTED_EDGE('',*,*,#1493,.F.);
#1083=ORIENTED_EDGE('',*,*,#1450,.F.);
#1084=ORIENTED_EDGE('',*,*,#1489,.F.);
#1085=ORIENTED_EDGE('',*,*,#1408,.F.);
#1086=ORIENTED_EDGE('',*,*,#1491,.F.);
#1087=ORIENTED_EDGE('',*,*,#1446,.F.);
#1088=ORIENTED_EDGE('',*,*,#1494,.F.);
#1089=ORIENTED_EDGE('',*,*,#1406,.F.);
#1090=ORIENTED_EDGE('',*,*,#1490,.F.);
#1091=ORIENTED_EDGE('',*,*,#1448,.F.);
#1092=ORIENTED_EDGE('',*,*,#1492,.F.);
#1093=ORIENTED_EDGE('',*,*,#1392,.F.);
#1094=ORIENTED_EDGE('',*,*,#1475,.F.);
#1095=ORIENTED_EDGE('',*,*,#1424,.F.);
#1096=ORIENTED_EDGE('',*,*,#1473,.F.);
#1097=ORIENTED_EDGE('',*,*,#1388,.F.);
#1098=ORIENTED_EDGE('',*,*,#1474,.F.);
#1099=ORIENTED_EDGE('',*,*,#1422,.F.);
#1100=ORIENTED_EDGE('',*,*,#1471,.F.);
#1101=ORIENTED_EDGE('',*,*,#1390,.F.);
#1102=ORIENTED_EDGE('',*,*,#1472,.F.);
#1103=ORIENTED_EDGE('',*,*,#1420,.F.);
#1104=ORIENTED_EDGE('',*,*,#1476,.F.);
#1105=ORIENTED_EDGE('',*,*,#1404,.T.);
#1106=ORIENTED_EDGE('',*,*,#1495,.T.);
#1107=ORIENTED_EDGE('',*,*,#1435,.F.);
#1108=ORIENTED_EDGE('',*,*,#1496,.T.);
#1109=ORIENTED_EDGE('',*,*,#1432,.T.);
#1110=ORIENTED_EDGE('',*,*,#1497,.T.);
#1111=ORIENTED_EDGE('',*,*,#1400,.F.);
#1112=ORIENTED_EDGE('',*,*,#1498,.T.);
#1113=ORIENTED_EDGE('',*,*,#1438,.F.);
#1114=ORIENTED_EDGE('',*,*,#1452,.F.);
#1115=ORIENTED_EDGE('',*,*,#1401,.F.);
#1116=ORIENTED_EDGE('',*,*,#1497,.F.);
#1117=ORIENTED_EDGE('',*,*,#1436,.F.);
#1118=ORIENTED_EDGE('',*,*,#1495,.F.);
#1119=ORIENTED_EDGE('',*,*,#1403,.F.);
#1120=ORIENTED_EDGE('',*,*,#1453,.F.);
#1121=ORIENTED_EDGE('',*,*,#1496,.F.);
#1122=ORIENTED_EDGE('',*,*,#1434,.F.);
#1123=ORIENTED_EDGE('',*,*,#1499,.F.);
#1124=ORIENTED_EDGE('',*,*,#1398,.F.);
#1125=ORIENTED_EDGE('',*,*,#1433,.F.);
#1126=ORIENTED_EDGE('',*,*,#1498,.F.);
#1127=ORIENTED_EDGE('',*,*,#1399,.F.);
#1128=ORIENTED_EDGE('',*,*,#1499,.T.);
#1129=ORIENTED_EDGE('',*,*,#1366,.F.);
#1130=ORIENTED_EDGE('',*,*,#1343,.T.);
#1131=ORIENTED_EDGE('',*,*,#1468,.F.);
#1132=ORIENTED_EDGE('',*,*,#1336,.F.);
#1133=ORIENTED_EDGE('',*,*,#1459,.F.);
#1134=ORIENTED_EDGE('',*,*,#1347,.T.);
#1135=ORIENTED_EDGE('',*,*,#1368,.T.);
#1136=ORIENTED_EDGE('',*,*,#1332,.F.);
#1137=ORIENTED_EDGE('',*,*,#1425,.F.);
#1138=ORIENTED_EDGE('',*,*,#1500,.F.);
#1139=ORIENTED_EDGE('',*,*,#1334,.F.);
#1140=ORIENTED_EDGE('',*,*,#1426,.T.);
#1141=ORIENTED_EDGE('',*,*,#1500,.T.);
#1142=ORIENTED_EDGE('',*,*,#1431,.F.);
#1143=ORIENTED_EDGE('',*,*,#1363,.F.);
#1144=ORIENTED_EDGE('',*,*,#1427,.T.);
#1145=ORIENTED_EDGE('',*,*,#1345,.T.);
#1146=ORIENTED_EDGE('',*,*,#1430,.F.);
#1147=ORIENTED_EDGE('',*,*,#1349,.T.);
#1148=ORIENTED_EDGE('',*,*,#1458,.F.);
#1149=ORIENTED_EDGE('',*,*,#1360,.F.);
#1150=ORIENTED_EDGE('',*,*,#1338,.F.);
#1151=ORIENTED_EDGE('',*,*,#1467,.F.);
#1152=ORIENTED_EDGE('',*,*,#1350,.T.);
#1153=ORIENTED_EDGE('',*,*,#1340,.F.);
#1154=ORIENTED_EDGE('',*,*,#1359,.F.);
#1155=ORIENTED_EDGE('',*,*,#1463,.T.);
#1156=ORIENTED_EDGE('',*,*,#1322,.F.);
#1157=ORIENTED_EDGE('',*,*,#1456,.F.);
#1158=ORIENTED_EDGE('',*,*,#1328,.F.);
#1159=ORIENTED_EDGE('',*,*,#1326,.F.);
#1160=ORIENTED_EDGE('',*,*,#1460,.F.);
#1161=ORIENTED_EDGE('',*,*,#1330,.F.);
#1162=ORIENTED_EDGE('',*,*,#1455,.F.);
#1163=ORIENTED_EDGE('',*,*,#1412,.T.);
#1164=ORIENTED_EDGE('',*,*,#1374,.F.);
#1165=ORIENTED_EDGE('',*,*,#1411,.T.);
#1166=ORIENTED_EDGE('',*,*,#1373,.F.);
#1167=ORIENTED_EDGE('',*,*,#1341,.T.);
#1168=ORIENTED_EDGE('',*,*,#1501,.F.);
#1169=ORIENTED_EDGE('',*,*,#1355,.F.);
#1170=ORIENTED_EDGE('',*,*,#1465,.T.);
#1171=ORIENTED_EDGE('',*,*,#1466,.F.);
#1172=ORIENTED_EDGE('',*,*,#1357,.T.);
#1173=ORIENTED_EDGE('',*,*,#1502,.T.);
#1174=ORIENTED_EDGE('',*,*,#1352,.F.);
#1175=ORIENTED_EDGE('',*,*,#1353,.T.);
#1176=ORIENTED_EDGE('',*,*,#1502,.F.);
#1177=ORIENTED_EDGE('',*,*,#1356,.F.);
#1178=ORIENTED_EDGE('',*,*,#1501,.T.);
#1179=EDGE_CURVE('',#1503,#1503,#1727,.T.);
#1180=EDGE_CURVE('',#1504,#1504,#1728,.T.);
#1181=EDGE_CURVE('',#1505,#1505,#1729,.T.);
#1182=EDGE_CURVE('',#1506,#1506,#1730,.T.);
#1183=EDGE_CURVE('',#1507,#1507,#1731,.T.);
#1184=EDGE_CURVE('',#1508,#1509,#1732,.T.);
#1185=EDGE_CURVE('',#1509,#1510,#111,.T.);
#1186=EDGE_CURVE('',#1511,#1510,#32,.T.);
#1187=EDGE_CURVE('',#1511,#1508,#112,.F.);
#1188=EDGE_CURVE('',#1509,#1512,#113,.T.);
#1189=EDGE_CURVE('',#1512,#1508,#114,.T.);
#1190=EDGE_CURVE('',#1512,#1510,#1733,.T.);
#1191=EDGE_CURVE('',#1511,#1512,#1734,.T.);
#1192=EDGE_CURVE('',#1513,#1514,#115,.T.);
#1193=EDGE_CURVE('',#1514,#1515,#116,.T.);
#1194=EDGE_CURVE('',#1516,#1515,#117,.T.);
#1195=EDGE_CURVE('',#1517,#1516,#118,.T.);
#1196=EDGE_CURVE('',#1517,#1518,#119,.T.);
#1197=EDGE_CURVE('',#1518,#1519,#120,.T.);
#1198=EDGE_CURVE('',#1520,#1519,#121,.T.);
#1199=EDGE_CURVE('',#1513,#1520,#122,.T.);
#1200=EDGE_CURVE('',#1521,#1522,#123,.T.);
#1201=EDGE_CURVE('',#1523,#1522,#124,.T.);
#1202=EDGE_CURVE('',#1524,#1523,#125,.T.);
#1203=EDGE_CURVE('',#1524,#1521,#126,.T.);
#1204=EDGE_CURVE('',#1525,#1526,#127,.T.);
#1205=EDGE_CURVE('',#1527,#1525,#128,.T.);
#1206=EDGE_CURVE('',#1527,#1528,#129,.T.);
#1207=EDGE_CURVE('',#1528,#1526,#130,.T.);
#1208=EDGE_CURVE('',#1529,#1529,#33,.T.);
#1209=EDGE_CURVE('',#1530,#1530,#34,.T.);
#1210=EDGE_CURVE('',#1531,#1531,#1735,.T.);
#1211=EDGE_CURVE('',#1532,#1532,#1736,.T.);
#1212=EDGE_CURVE('',#1533,#1533,#35,.T.);
#1213=EDGE_CURVE('',#1534,#1534,#36,.T.);
#1214=EDGE_CURVE('',#1535,#1535,#1737,.T.);
#1215=EDGE_CURVE('',#1536,#1537,#1738,.F.);
#1216=EDGE_CURVE('',#1537,#1538,#131,.T.);
#1217=EDGE_CURVE('',#1538,#1539,#1739,.T.);
#1218=EDGE_CURVE('',#1539,#1536,#132,.F.);
#1219=EDGE_CURVE('',#1538,#1532,#133,.T.);
#1220=EDGE_CURVE('',#1539,#1532,#134,.T.);
#1221=EDGE_CURVE('',#1540,#1541,#135,.T.);
#1222=EDGE_CURVE('',#1541,#1542,#136,.T.);
#1223=EDGE_CURVE('',#1543,#1542,#137,.T.);
#1224=EDGE_CURVE('',#1540,#1543,#138,.T.);
#1225=EDGE_CURVE('',#1522,#1544,#139,.T.);
#1226=EDGE_CURVE('',#1544,#1545,#37,.T.);
#1227=EDGE_CURVE('',#1546,#1545,#140,.T.);
#1228=EDGE_CURVE('',#1543,#1546,#141,.T.);
#1229=EDGE_CURVE('',#1519,#1542,#142,.T.);
#1230=EDGE_CURVE('',#1523,#1518,#143,.T.);
#1231=EDGE_CURVE('',#1545,#1547,#1740,.T.);
#1232=EDGE_CURVE('',#1546,#1547,#144,.T.);
#1233=EDGE_CURVE('',#1532,#1521,#145,.T.);
#1234=EDGE_CURVE('',#1517,#1524,#146,.T.);
#1235=EDGE_CURVE('',#1516,#1541,#147,.T.);
#1236=EDGE_CURVE('',#1548,#1540,#148,.T.);
#1237=EDGE_CURVE('',#1548,#1536,#38,.T.);
#1238=EDGE_CURVE('',#1549,#1549,#1741,.T.);
#1239=EDGE_CURVE('',#1547,#1548,#39,.T.);
#1240=EDGE_CURVE('',#1537,#1544,#1742,.T.);
#1241=EDGE_CURVE('',#1515,#1526,#149,.T.);
#1242=EDGE_CURVE('',#1520,#1528,#150,.T.);
#1243=EDGE_CURVE('',#1550,#1550,#1743,.T.);
#1244=EDGE_CURVE('',#1551,#1551,#1744,.T.);
#1245=EDGE_CURVE('',#1552,#1552,#1745,.T.);
#1246=EDGE_CURVE('',#1514,#1525,#151,.T.);
#1247=EDGE_CURVE('',#1513,#1527,#152,.T.);
#1248=EDGE_CURVE('',#1553,#1553,#40,.T.);
#1249=EDGE_CURVE('',#1554,#1555,#1746,.T.);
#1250=EDGE_CURVE('',#1555,#1556,#41,.T.);
#1251=EDGE_CURVE('',#1556,#1557,#42,.T.);
#1252=EDGE_CURVE('',#1557,#1558,#43,.T.);
#1253=EDGE_CURVE('',#1558,#1559,#1747,.T.);
#1254=EDGE_CURVE('',#1559,#1560,#44,.T.);
#1255=EDGE_CURVE('',#1560,#1561,#45,.T.);
#1256=EDGE_CURVE('',#1561,#1554,#46,.T.);
#1257=EDGE_CURVE('',#1562,#1562,#47,.T.);
#1258=EDGE_CURVE('',#1563,#1564,#1748,.T.);
#1259=EDGE_CURVE('',#1563,#1565,#48,.T.);
#1260=EDGE_CURVE('',#1565,#1566,#153,.T.);
#1261=EDGE_CURVE('',#1566,#1567,#49,.T.);
#1262=EDGE_CURVE('',#1568,#1567,#50,.T.);
#1263=EDGE_CURVE('',#1568,#1569,#51,.T.);
#1264=EDGE_CURVE('',#1570,#1569,#1749,.T.);
#1265=EDGE_CURVE('',#1570,#1571,#52,.T.);
#1266=EDGE_CURVE('',#1572,#1571,#53,.T.);
#1267=EDGE_CURVE('',#1572,#1573,#54,.T.);
#1268=EDGE_CURVE('',#1574,#1573,#154,.T.);
#1269=EDGE_CURVE('',#1574,#1564,#55,.T.);
#1270=EDGE_CURVE('',#1575,#1576,#56,.T.);
#1271=EDGE_CURVE('',#1575,#1577,#57,.T.);
#1272=EDGE_CURVE('',#1578,#1577,#1750,.T.);
#1273=EDGE_CURVE('',#1578,#1579,#58,.T.);
#1274=EDGE_CURVE('',#1580,#1579,#59,.T.);
#1275=EDGE_CURVE('',#1580,#1581,#60,.T.);
#1276=EDGE_CURVE('',#1582,#1581,#1751,.T.);
#1277=EDGE_CURVE('',#1582,#1576,#61,.T.);
#1278=EDGE_CURVE('',#1583,#1584,#155,.T.);
#1279=EDGE_CURVE('',#1583,#1585,#62,.T.);
#1280=EDGE_CURVE('',#1585,#1586,#1752,.T.);
#1281=EDGE_CURVE('',#1586,#1587,#63,.T.);
#1282=EDGE_CURVE('',#1587,#1588,#156,.T.);
#1283=EDGE_CURVE('',#1588,#1589,#64,.T.);
#1284=EDGE_CURVE('',#1589,#1590,#65,.T.);
#1285=EDGE_CURVE('',#1590,#1591,#66,.T.);
#1286=EDGE_CURVE('',#1591,#1592,#1753,.T.);
#1287=EDGE_CURVE('',#1592,#1593,#67,.T.);
#1288=EDGE_CURVE('',#1593,#1594,#68,.T.);
#1289=EDGE_CURVE('',#1594,#1584,#69,.T.);
#1290=EDGE_CURVE('',#1581,#1559,#157,.F.);
#1291=EDGE_CURVE('',#1558,#1582,#158,.F.);
#1292=EDGE_CURVE('',#1569,#1592,#159,.F.);
#1293=EDGE_CURVE('',#1591,#1570,#160,.F.);
#1294=EDGE_CURVE('',#1595,#1595,#1754,.T.);
#1295=EDGE_CURVE('',#1577,#1555,#161,.T.);
#1296=EDGE_CURVE('',#1554,#1578,#162,.T.);
#1297=EDGE_CURVE('',#1596,#1596,#1755,.T.);
#1298=EDGE_CURVE('',#1565,#1583,#163,.F.);
#1299=EDGE_CURVE('',#1584,#1566,#164,.T.);
#1300=EDGE_CURVE('',#1573,#1588,#165,.F.);
#1301=EDGE_CURVE('',#1587,#1574,#166,.T.);
#1302=EDGE_CURVE('',#1585,#1563,#167,.T.);
#1303=EDGE_CURVE('',#1564,#1586,#168,.F.);
#1304=EDGE_CURVE('',#1579,#1561,#169,.F.);
#1305=EDGE_CURVE('',#1560,#1580,#170,.T.);
#1306=EDGE_CURVE('',#1556,#1575,#171,.F.);
#1307=EDGE_CURVE('',#1576,#1557,#172,.T.);
#1308=EDGE_CURVE('',#1589,#1572,#173,.F.);
#1309=EDGE_CURVE('',#1571,#1590,#174,.T.);
#1310=EDGE_CURVE('',#1593,#1568,#175,.T.);
#1311=EDGE_CURVE('',#1567,#1594,#176,.F.);
#1312=EDGE_CURVE('',#1597,#1597,#1756,.T.);
#1313=EDGE_CURVE('',#1598,#1599,#1757,.T.);
#1314=EDGE_CURVE('',#1598,#1600,#177,.T.);
#1315=EDGE_CURVE('',#1601,#1600,#70,.T.);
#1316=EDGE_CURVE('',#1601,#1599,#178,.F.);
#1317=EDGE_CURVE('',#1598,#1602,#179,.T.);
#1318=EDGE_CURVE('',#1602,#1599,#180,.T.);
#1319=EDGE_CURVE('',#1602,#1600,#1758,.T.);
#1320=EDGE_CURVE('',#1601,#1602,#1759,.T.);
#1321=EDGE_CURVE('',#1603,#1604,#181,.T.);
#1322=EDGE_CURVE('',#1604,#1605,#1760,.F.);
#1323=EDGE_CURVE('',#1605,#1606,#182,.T.);
#1324=EDGE_CURVE('',#1606,#1607,#1761,.T.);
#1325=EDGE_CURVE('',#1608,#1607,#183,.T.);
#1326=EDGE_CURVE('',#1608,#1603,#1762,.F.);
#1327=EDGE_CURVE('',#1609,#1610,#184,.T.);
#1328=EDGE_CURVE('',#1610,#1611,#1763,.F.);
#1329=EDGE_CURVE('',#1612,#1611,#185,.T.);
#1330=EDGE_CURVE('',#1612,#1613,#1764,.F.);
#1331=EDGE_CURVE('',#1614,#1613,#186,.T.);
#1332=EDGE_CURVE('',#1614,#1615,#187,.T.);
#1333=EDGE_CURVE('',#1616,#1615,#188,.T.);
#1334=EDGE_CURVE('',#1616,#1617,#189,.T.);
#1335=EDGE_CURVE('',#1617,#1618,#190,.T.);
#1336=EDGE_CURVE('',#1618,#1609,#191,.T.);
#1337=EDGE_CURVE('',#1619,#1620,#192,.T.);
#1338=EDGE_CURVE('',#1619,#1621,#193,.F.);
#1339=EDGE_CURVE('',#1621,#1622,#194,.T.);
#1340=EDGE_CURVE('',#1622,#1620,#195,.T.);
#1341=EDGE_CURVE('',#1623,#1624,#196,.T.);
#1342=EDGE_CURVE('',#1625,#1623,#197,.T.);
#1343=EDGE_CURVE('',#1626,#1625,#198,.T.);
#1344=EDGE_CURVE('',#1627,#1626,#199,.T.);
#1345=EDGE_CURVE('',#1628,#1627,#200,.T.);
#1346=EDGE_CURVE('',#1628,#1629,#201,.T.);
#1347=EDGE_CURVE('',#1630,#1629,#202,.T.);
#1348=EDGE_CURVE('',#1630,#1631,#203,.T.);
#1349=EDGE_CURVE('',#1619,#1631,#1765,.F.);
#1350=EDGE_CURVE('',#1632,#1620,#1766,.F.);
#1351=EDGE_CURVE('',#1633,#1632,#204,.T.);
#1352=EDGE_CURVE('',#1633,#1634,#205,.T.);
#1353=EDGE_CURVE('',#1624,#1634,#206,.T.);
#1354=EDGE_CURVE('',#1635,#1636,#207,.T.);
#1355=EDGE_CURVE('',#1635,#1637,#208,.T.);
#1356=EDGE_CURVE('',#1637,#1638,#209,.T.);
#1357=EDGE_CURVE('',#1636,#1638,#210,.T.);
#1358=EDGE_CURVE('',#1639,#1640,#211,.T.);
#1359=EDGE_CURVE('',#1640,#1622,#1767,.F.);
#1360=EDGE_CURVE('',#1621,#1641,#1768,.F.);
#1361=EDGE_CURVE('',#1642,#1641,#212,.T.);
#1362=EDGE_CURVE('',#1642,#1643,#1769,.T.);
#1363=EDGE_CURVE('',#1643,#1644,#213,.T.);
#1364=EDGE_CURVE('',#1644,#1639,#1770,.T.);
#1365=EDGE_CURVE('',#1627,#1617,#214,.T.);
#1366=EDGE_CURVE('',#1626,#1618,#215,.T.);
#1367=EDGE_CURVE('',#1628,#1616,#216,.T.);
#1368=EDGE_CURVE('',#1629,#1615,#217,.T.);
#1369=EDGE_CURVE('',#1645,#1646,#1771,.T.);
#1370=EDGE_CURVE('',#1647,#1645,#218,.T.);
#1371=EDGE_CURVE('',#1647,#1648,#1772,.T.);
#1372=EDGE_CURVE('',#1648,#1646,#219,.T.);
#1373=EDGE_CURVE('',#1649,#1649,#71,.T.);
#1374=EDGE_CURVE('',#1650,#1650,#72,.T.);
#1375=EDGE_CURVE('',#1651,#1652,#10,.T.);
#1376=EDGE_CURVE('',#1651,#1653,#73,.T.);
#1377=EDGE_CURVE('',#1654,#1653,#1773,.T.);
#1378=EDGE_CURVE('',#1654,#1655,#74,.T.);
#1379=EDGE_CURVE('',#1656,#1655,#11,.T.);
#1380=EDGE_CURVE('',#1656,#1652,#75,.T.);
#1381=EDGE_CURVE('',#1657,#1658,#12,.T.);
#1382=EDGE_CURVE('',#1658,#1659,#76,.T.);
#1383=EDGE_CURVE('',#1659,#1660,#13,.T.);
#1384=EDGE_CURVE('',#1660,#1661,#77,.T.);
#1385=EDGE_CURVE('',#1661,#1662,#1774,.T.);
#1386=EDGE_CURVE('',#1662,#1657,#78,.T.);
#1387=EDGE_CURVE('',#1663,#1664,#14,.T.);
#1388=EDGE_CURVE('',#1664,#1665,#79,.T.);
#1389=EDGE_CURVE('',#1665,#1666,#15,.T.);
#1390=EDGE_CURVE('',#1666,#1667,#80,.T.);
#1391=EDGE_CURVE('',#1667,#1668,#1775,.T.);
#1392=EDGE_CURVE('',#1668,#1663,#81,.T.);
#1393=EDGE_CURVE('',#1669,#1669,#82,.T.);
#1394=EDGE_CURVE('',#1670,#1670,#83,.T.);
#1395=EDGE_CURVE('',#1647,#1671,#220,.T.);
#1396=EDGE_CURVE('',#1671,#1672,#1776,.F.);
#1397=EDGE_CURVE('',#1672,#1648,#221,.F.);
#1398=EDGE_CURVE('',#1673,#1674,#84,.T.);
#1399=EDGE_CURVE('',#1674,#1675,#85,.T.);
#1400=EDGE_CURVE('',#1675,#1676,#222,.T.);
#1401=EDGE_CURVE('',#1676,#1677,#86,.T.);
#1402=EDGE_CURVE('',#1677,#1678,#1777,.T.);
#1403=EDGE_CURVE('',#1678,#1679,#87,.T.);
#1404=EDGE_CURVE('',#1673,#1679,#223,.T.);
#1405=EDGE_CURVE('',#1680,#1681,#16,.T.);
#1406=EDGE_CURVE('',#1680,#1682,#88,.T.);
#1407=EDGE_CURVE('',#1683,#1682,#17,.T.);
#1408=EDGE_CURVE('',#1683,#1684,#89,.T.);
#1409=EDGE_CURVE('',#1685,#1684,#1778,.T.);
#1410=EDGE_CURVE('',#1685,#1681,#90,.T.);
#1411=EDGE_CURVE('',#1686,#1686,#91,.T.);
#1412=EDGE_CURVE('',#1687,#1687,#92,.T.);
#1413=EDGE_CURVE('',#1688,#1689,#1779,.T.);
#1414=EDGE_CURVE('',#1688,#1690,#93,.T.);
#1415=EDGE_CURVE('',#1691,#1690,#18,.T.);
#1416=EDGE_CURVE('',#1691,#1692,#94,.T.);
#1417=EDGE_CURVE('',#1693,#1692,#19,.T.);
#1418=EDGE_CURVE('',#1693,#1689,#95,.T.);
#1419=EDGE_CURVE('',#1694,#1695,#1780,.T.);
#1420=EDGE_CURVE('',#1694,#1696,#96,.T.);
#1421=EDGE_CURVE('',#1697,#1696,#20,.T.);
#1422=EDGE_CURVE('',#1697,#1698,#97,.T.);
#1423=EDGE_CURVE('',#1699,#1698,#21,.T.);
#1424=EDGE_CURVE('',#1699,#1695,#98,.T.);
#1425=EDGE_CURVE('',#1700,#1701,#1781,.T.);
#1426=EDGE_CURVE('',#1616,#1701,#224,.T.);
#1427=EDGE_CURVE('',#1643,#1628,#225,.T.);
#1428=EDGE_CURVE('',#1642,#1645,#226,.T.);
#1429=EDGE_CURVE('',#1639,#1646,#227,.T.);
#1430=EDGE_CURVE('',#1644,#1627,#228,.T.);
#1431=EDGE_CURVE('',#1617,#1700,#229,.T.);
#1432=EDGE_CURVE('',#1702,#1703,#230,.T.);
#1433=EDGE_CURVE('',#1702,#1704,#99,.T.);
#1434=EDGE_CURVE('',#1704,#1705,#100,.T.);
#1435=EDGE_CURVE('',#1705,#1706,#231,.T.);
#1436=EDGE_CURVE('',#1706,#1707,#101,.T.);
#1437=EDGE_CURVE('',#1708,#1707,#1782,.T.);
#1438=EDGE_CURVE('',#1708,#1703,#102,.T.);
#1439=EDGE_CURVE('',#1709,#1710,#22,.T.);
#1440=EDGE_CURVE('',#1710,#1711,#103,.T.);
#1441=EDGE_CURVE('',#1711,#1712,#1783,.T.);
#1442=EDGE_CURVE('',#1712,#1713,#104,.T.);
#1443=EDGE_CURVE('',#1713,#1714,#23,.T.);
#1444=EDGE_CURVE('',#1714,#1709,#105,.T.);
#1445=EDGE_CURVE('',#1715,#1716,#1784,.T.);
#1446=EDGE_CURVE('',#1716,#1717,#106,.T.);
#1447=EDGE_CURVE('',#1717,#1718,#24,.T.);
#1448=EDGE_CURVE('',#1718,#1719,#107,.T.);
#1449=EDGE_CURVE('',#1719,#1720,#25,.T.);
#1450=EDGE_CURVE('',#1720,#1715,#108,.T.);
#1451=EDGE_CURVE('',#1721,#1721,#1785,.T.);
#1452=EDGE_CURVE('',#1677,#1708,#232,.F.);
#1453=EDGE_CURVE('',#1707,#1678,#233,.T.);
#1454=EDGE_CURVE('',#1722,#1722,#1786,.T.);
#1455=EDGE_CURVE('',#1603,#1612,#234,.F.);
#1456=EDGE_CURVE('',#1611,#1604,#235,.T.);
#1457=EDGE_CURVE('',#1723,#1723,#1787,.T.);
#1458=EDGE_CURVE('',#1641,#1631,#236,.T.);
#1459=EDGE_CURVE('',#1630,#1614,#237,.T.);
#1460=EDGE_CURVE('',#1613,#1608,#238,.T.);
#1461=EDGE_CURVE('',#1607,#1671,#109,.T.);
#1462=EDGE_CURVE('',#1724,#1724,#1788,.F.);
#1463=EDGE_CURVE('',#1640,#1605,#239,.T.);
#1464=EDGE_CURVE('',#1672,#1606,#110,.T.);
#1465=EDGE_CURVE('',#1635,#1623,#240,.T.);
#1466=EDGE_CURVE('',#1636,#1633,#241,.T.);
#1467=EDGE_CURVE('',#1632,#1610,#242,.T.);
#1468=EDGE_CURVE('',#1609,#1625,#243,.T.);
#1469=EDGE_CURVE('',#1725,#1725,#1789,.T.);
#1470=EDGE_CURVE('',#1726,#1726,#1790,.T.);
#1471=EDGE_CURVE('',#1665,#1697,#244,.T.);
#1472=EDGE_CURVE('',#1696,#1666,#245,.F.);
#1473=EDGE_CURVE('',#1663,#1699,#246,.T.);
#1474=EDGE_CURVE('',#1698,#1664,#247,.F.);
#1475=EDGE_CURVE('',#1695,#1668,#248,.F.);
#1476=EDGE_CURVE('',#1667,#1694,#249,.T.);
#1477=EDGE_CURVE('',#1661,#1688,#250,.F.);
#1478=EDGE_CURVE('',#1689,#1662,#251,.T.);
#1479=EDGE_CURVE('',#1690,#1660,#252,.T.);
#1480=EDGE_CURVE('',#1659,#1691,#253,.F.);
#1481=EDGE_CURVE('',#1692,#1658,#254,.T.);
#1482=EDGE_CURVE('',#1657,#1693,#255,.F.);
#1483=EDGE_CURVE('',#1653,#1712,#256,.F.);
#1484=EDGE_CURVE('',#1711,#1654,#257,.T.);
#1485=EDGE_CURVE('',#1709,#1656,#258,.T.);
#1486=EDGE_CURVE('',#1655,#1710,#259,.F.);
#1487=EDGE_CURVE('',#1713,#1651,#260,.T.);
#1488=EDGE_CURVE('',#1652,#1714,#261,.F.);
#1489=EDGE_CURVE('',#1681,#1720,#262,.T.);
#1490=EDGE_CURVE('',#1719,#1680,#263,.F.);
#1491=EDGE_CURVE('',#1717,#1683,#264,.F.);
#1492=EDGE_CURVE('',#1682,#1718,#265,.T.);
#1493=EDGE_CURVE('',#1715,#1685,#266,.F.);
#1494=EDGE_CURVE('',#1684,#1716,#267,.T.);
#1495=EDGE_CURVE('',#1679,#1706,#268,.F.);
#1496=EDGE_CURVE('',#1705,#1673,#269,.T.);
#1497=EDGE_CURVE('',#1703,#1676,#270,.T.);
#1498=EDGE_CURVE('',#1675,#1702,#271,.F.);
#1499=EDGE_CURVE('',#1674,#1704,#272,.T.);
#1500=EDGE_CURVE('',#1701,#1700,#273,.T.);
#1501=EDGE_CURVE('',#1637,#1624,#274,.T.);
#1502=EDGE_CURVE('',#1638,#1634,#275,.T.);
#1503=VERTEX_POINT('',#3251);
#1504=VERTEX_POINT('',#3253);
#1505=VERTEX_POINT('',#3259);
#1506=VERTEX_POINT('',#3261);
#1507=VERTEX_POINT('',#3267);
#1508=VERTEX_POINT('',#3269);
#1509=VERTEX_POINT('',#3270);
#1510=VERTEX_POINT('',#3272);
#1511=VERTEX_POINT('',#3280);
#1512=VERTEX_POINT('',#3284);
#1513=VERTEX_POINT('',#3295);
#1514=VERTEX_POINT('',#3296);
#1515=VERTEX_POINT('',#3298);
#1516=VERTEX_POINT('',#3300);
#1517=VERTEX_POINT('',#3302);
#1518=VERTEX_POINT('',#3304);
#1519=VERTEX_POINT('',#3306);
#1520=VERTEX_POINT('',#3308);
#1521=VERTEX_POINT('',#3312);
#1522=VERTEX_POINT('',#3313);
#1523=VERTEX_POINT('',#3315);
#1524=VERTEX_POINT('',#3317);
#1525=VERTEX_POINT('',#3320);
#1526=VERTEX_POINT('',#3321);
#1527=VERTEX_POINT('',#3323);
#1528=VERTEX_POINT('',#3325);
#1529=VERTEX_POINT('',#3339);
#1530=VERTEX_POINT('',#3351);
#1531=VERTEX_POINT('',#3353);
#1532=VERTEX_POINT('',#3355);
#1533=VERTEX_POINT('',#3368);
#1534=VERTEX_POINT('',#3380);
#1535=VERTEX_POINT('',#3382);
#1536=VERTEX_POINT('',#3384);
#1537=VERTEX_POINT('',#3385);
#1538=VERTEX_POINT('',#3387);
#1539=VERTEX_POINT('',#3389);
#1540=VERTEX_POINT('',#3397);
#1541=VERTEX_POINT('',#3398);
#1542=VERTEX_POINT('',#3400);
#1543=VERTEX_POINT('',#3402);
#1544=VERTEX_POINT('',#3406);
#1545=VERTEX_POINT('',#3411);
#1546=VERTEX_POINT('',#3413);
#1547=VERTEX_POINT('',#3419);
#1548=VERTEX_POINT('',#3426);
#1549=VERTEX_POINT('',#3435);
#1550=VERTEX_POINT('',#3449);
#1551=VERTEX_POINT('',#3452);
#1552=VERTEX_POINT('',#3456);
#1553=VERTEX_POINT('',#3479);
#1554=VERTEX_POINT('',#3481);
#1555=VERTEX_POINT('',#3482);
#1556=VERTEX_POINT('',#3488);
#1557=VERTEX_POINT('',#3510);
#1558=VERTEX_POINT('',#3516);
#1559=VERTEX_POINT('',#3518);
#1560=VERTEX_POINT('',#3524);
#1561=VERTEX_POINT('',#3546);
#1562=VERTEX_POINT('',#3563);
#1563=VERTEX_POINT('',#3565);
#1564=VERTEX_POINT('',#3566);
#1565=VERTEX_POINT('',#3573);
#1566=VERTEX_POINT('',#3575);
#1567=VERTEX_POINT('',#3580);
#1568=VERTEX_POINT('',#3602);
#1569=VERTEX_POINT('',#3608);
#1570=VERTEX_POINT('',#3610);
#1571=VERTEX_POINT('',#3616);
#1572=VERTEX_POINT('',#3638);
#1573=VERTEX_POINT('',#3643);
#1574=VERTEX_POINT('',#3645);
#1575=VERTEX_POINT('',#3674);
#1576=VERTEX_POINT('',#3675);
#1577=VERTEX_POINT('',#3681);
#1578=VERTEX_POINT('',#3683);
#1579=VERTEX_POINT('',#3689);
#1580=VERTEX_POINT('',#3711);
#1581=VERTEX_POINT('',#3717);
#1582=VERTEX_POINT('',#3719);
#1583=VERTEX_POINT('',#3726);
#1584=VERTEX_POINT('',#3727);
#1585=VERTEX_POINT('',#3734);
#1586=VERTEX_POINT('',#3736);
#1587=VERTEX_POINT('',#3744);
#1588=VERTEX_POINT('',#3746);
#1589=VERTEX_POINT('',#3751);
#1590=VERTEX_POINT('',#3773);
#1591=VERTEX_POINT('',#3779);
#1592=VERTEX_POINT('',#3781);
#1593=VERTEX_POINT('',#3787);
#1594=VERTEX_POINT('',#3809);
#1595=VERTEX_POINT('',#3822);
#1596=VERTEX_POINT('',#3829);
#1597=VERTEX_POINT('',#3893);
#1598=VERTEX_POINT('',#3895);
#1599=VERTEX_POINT('',#3896);
#1600=VERTEX_POINT('',#3898);
#1601=VERTEX_POINT('',#3906);
#1602=VERTEX_POINT('',#3910);
#1603=VERTEX_POINT('',#3921);
#1604=VERTEX_POINT('',#3922);
#1605=VERTEX_POINT('',#3924);
#1606=VERTEX_POINT('',#3926);
#1607=VERTEX_POINT('',#3928);
#1608=VERTEX_POINT('',#3930);
#1609=VERTEX_POINT('',#3934);
#1610=VERTEX_POINT('',#3935);
#1611=VERTEX_POINT('',#3937);
#1612=VERTEX_POINT('',#3939);
#1613=VERTEX_POINT('',#3941);
#1614=VERTEX_POINT('',#3943);
#1615=VERTEX_POINT('',#3945);
#1616=VERTEX_POINT('',#3947);
#1617=VERTEX_POINT('',#3949);
#1618=VERTEX_POINT('',#3951);
#1619=VERTEX_POINT('',#3955);
#1620=VERTEX_POINT('',#3956);
#1621=VERTEX_POINT('',#3958);
#1622=VERTEX_POINT('',#3960);
#1623=VERTEX_POINT('',#3964);
#1624=VERTEX_POINT('',#3965);
#1625=VERTEX_POINT('',#3967);
#1626=VERTEX_POINT('',#3969);
#1627=VERTEX_POINT('',#3971);
#1628=VERTEX_POINT('',#3973);
#1629=VERTEX_POINT('',#3975);
#1630=VERTEX_POINT('',#3977);
#1631=VERTEX_POINT('',#3979);
#1632=VERTEX_POINT('',#3982);
#1633=VERTEX_POINT('',#3984);
#1634=VERTEX_POINT('',#3986);
#1635=VERTEX_POINT('',#3990);
#1636=VERTEX_POINT('',#3991);
#1637=VERTEX_POINT('',#3993);
#1638=VERTEX_POINT('',#3995);
#1639=VERTEX_POINT('',#3998);
#1640=VERTEX_POINT('',#3999);
#1641=VERTEX_POINT('',#4002);
#1642=VERTEX_POINT('',#4004);
#1643=VERTEX_POINT('',#4006);
#1644=VERTEX_POINT('',#4008);
#1645=VERTEX_POINT('',#4018);
#1646=VERTEX_POINT('',#4019);
#1647=VERTEX_POINT('',#4021);
#1648=VERTEX_POINT('',#4023);
#1649=VERTEX_POINT('',#4037);
#1650=VERTEX_POINT('',#4049);
#1651=VERTEX_POINT('',#4051);
#1652=VERTEX_POINT('',#4052);
#1653=VERTEX_POINT('',#4060);
#1654=VERTEX_POINT('',#4062);
#1655=VERTEX_POINT('',#4070);
#1656=VERTEX_POINT('',#4072);
#1657=VERTEX_POINT('',#4080);
#1658=VERTEX_POINT('',#4081);
#1659=VERTEX_POINT('',#4089);
#1660=VERTEX_POINT('',#4091);
#1661=VERTEX_POINT('',#4099);
#1662=VERTEX_POINT('',#4101);
#1663=VERTEX_POINT('',#4110);
#1664=VERTEX_POINT('',#4111);
#1665=VERTEX_POINT('',#4118);
#1666=VERTEX_POINT('',#4120);
#1667=VERTEX_POINT('',#4128);
#1668=VERTEX_POINT('',#4130);
#1669=VERTEX_POINT('',#4149);
#1670=VERTEX_POINT('',#4161);
#1671=VERTEX_POINT('',#4163);
#1672=VERTEX_POINT('',#4165);
#1673=VERTEX_POINT('',#4173);
#1674=VERTEX_POINT('',#4174);
#1675=VERTEX_POINT('',#4180);
#1676=VERTEX_POINT('',#4182);
#1677=VERTEX_POINT('',#4190);
#1678=VERTEX_POINT('',#4192);
#1679=VERTEX_POINT('',#4200);
#1680=VERTEX_POINT('',#4203);
#1681=VERTEX_POINT('',#4204);
#1682=VERTEX_POINT('',#4212);
#1683=VERTEX_POINT('',#4214);
#1684=VERTEX_POINT('',#4222);
#1685=VERTEX_POINT('',#4224);
#1686=VERTEX_POINT('',#4244);
#1687=VERTEX_POINT('',#4256);
#1688=VERTEX_POINT('',#4258);
#1689=VERTEX_POINT('',#4259);
#1690=VERTEX_POINT('',#4269);
#1691=VERTEX_POINT('',#4271);
#1692=VERTEX_POINT('',#4279);
#1693=VERTEX_POINT('',#4281);
#1694=VERTEX_POINT('',#4290);
#1695=VERTEX_POINT('',#4291);
#1696=VERTEX_POINT('',#4299);
#1697=VERTEX_POINT('',#4301);
#1698=VERTEX_POINT('',#4309);
#1699=VERTEX_POINT('',#4311);
#1700=VERTEX_POINT('',#4322);
#1701=VERTEX_POINT('',#4323);
#1702=VERTEX_POINT('',#4331);
#1703=VERTEX_POINT('',#4332);
#1704=VERTEX_POINT('',#4339);
#1705=VERTEX_POINT('',#4345);
#1706=VERTEX_POINT('',#4347);
#1707=VERTEX_POINT('',#4355);
#1708=VERTEX_POINT('',#4357);
#1709=VERTEX_POINT('',#4366);
#1710=VERTEX_POINT('',#4367);
#1711=VERTEX_POINT('',#4377);
#1712=VERTEX_POINT('',#4379);
#1713=VERTEX_POINT('',#4387);
#1714=VERTEX_POINT('',#4389);
#1715=VERTEX_POINT('',#4398);
#1716=VERTEX_POINT('',#4399);
#1717=VERTEX_POINT('',#4409);
#1718=VERTEX_POINT('',#4411);
#1719=VERTEX_POINT('',#4419);
#1720=VERTEX_POINT('',#4421);
#1721=VERTEX_POINT('',#4431);
#1722=VERTEX_POINT('',#4438);
#1723=VERTEX_POINT('',#4445);
#1724=VERTEX_POINT('',#4455);
#1725=VERTEX_POINT('',#4470);
#1726=VERTEX_POINT('',#4474);
#1727=CIRCLE('',#2431,0.0035);
#1728=CIRCLE('',#2432,0.0035);
#1729=CIRCLE('',#2437,0.0035);
#1730=CIRCLE('',#2438,0.0035);
#1731=CIRCLE('',#2443,0.0035);
#1732=CIRCLE('',#2444,0.0035);
#1733=CIRCLE('',#2448,0.048);
#1734=CIRCLE('',#2449,0.048);
#1735=CIRCLE('',#2456,0.045);
#1736=CIRCLE('',#2457,0.045);
#1737=CIRCLE('',#2459,0.048);
#1738=CIRCLE('',#2460,0.048);
#1739=CIRCLE('',#2461,0.048);
#1740=CIRCLE('',#2467,0.058);
#1741=CIRCLE('',#2470,0.001);
#1742=CIRCLE('',#2472,0.01);
#1743=CIRCLE('',#2475,0.001);
#1744=CIRCLE('',#2477,0.001);
#1745=CIRCLE('',#2480,0.001);
#1746=CIRCLE('',#2490,0.022);
#1747=CIRCLE('',#2491,0.022);
#1748=CIRCLE('',#2492,0.022);
#1749=CIRCLE('',#2493,0.022);
#1750=CIRCLE('',#2495,0.019);
#1751=CIRCLE('',#2496,0.019);
#1752=CIRCLE('',#2497,0.019);
#1753=CIRCLE('',#2498,0.019);
#1754=CIRCLE('',#2502,0.0035);
#1755=CIRCLE('',#2506,0.0035);
#1756=CIRCLE('',#2523,0.0035);
#1757=CIRCLE('',#2524,0.0035);
#1758=CIRCLE('',#2528,0.048);
#1759=CIRCLE('',#2529,0.048);
#1760=CIRCLE('',#2534,0.045);
#1761=CIRCLE('',#2535,0.038);
#1762=CIRCLE('',#2536,0.045);
#1763=CIRCLE('',#2538,0.045);
#1764=CIRCLE('',#2539,0.045);
#1765=CIRCLE('',#2542,0.045);
#1766=CIRCLE('',#2543,0.045);
#1767=CIRCLE('',#2545,0.045);
#1768=CIRCLE('',#2546,0.045);
#1769=CIRCLE('',#2547,0.032);
#1770=CIRCLE('',#2548,0.032);
#1771=CIRCLE('',#2552,0.032);
#1772=CIRCLE('',#2553,0.035);
#1773=CIRCLE('',#2556,0.035);
#1774=CIRCLE('',#2560,0.035);
#1775=CIRCLE('',#2563,0.035);
#1776=CIRCLE('',#2564,0.035);
#1777=CIRCLE('',#2565,0.035);
#1778=CIRCLE('',#2568,0.035);
#1779=CIRCLE('',#2570,0.032);
#1780=CIRCLE('',#2573,0.032);
#1781=CIRCLE('',#2576,0.032);
#1782=CIRCLE('',#2577,0.032);
#1783=CIRCLE('',#2579,0.032);
#1784=CIRCLE('',#2581,0.032);
#1785=CIRCLE('',#2585,0.0035);
#1786=CIRCLE('',#2589,0.0035);
#1787=CIRCLE('',#2593,0.001);
#1788=CIRCLE('',#2594,0.001);
#1789=CIRCLE('',#2598,0.001);
#1790=CIRCLE('',#2601,0.001);
#1791=EDGE_LOOP('',(#531));
#1792=EDGE_LOOP('',(#532));
#1793=EDGE_LOOP('',(#533));
#1794=EDGE_LOOP('',(#534));
#1795=EDGE_LOOP('',(#535));
#1796=EDGE_LOOP('',(#536));
#1797=EDGE_LOOP('',(#537));
#1798=EDGE_LOOP('',(#538));
#1799=EDGE_LOOP('',(#539));
#1800=EDGE_LOOP('',(#540,#541,#542,#543));
#1801=EDGE_LOOP('',(#544,#545,#546));
#1802=EDGE_LOOP('',(#547));
#1803=EDGE_LOOP('',(#548,#549,#550));
#1804=EDGE_LOOP('',(#551,#552,#553));
#1805=EDGE_LOOP('',(#554,#555,#556));
#1806=EDGE_LOOP('',(#557,#558,#559,#560,#561,#562,#563,#564));
#1807=EDGE_LOOP('',(#565,#566,#567,#568));
#1808=EDGE_LOOP('',(#569,#570,#571,#572));
#1809=EDGE_LOOP('',(#573));
#1810=EDGE_LOOP('',(#574));
#1811=EDGE_LOOP('',(#575));
#1812=EDGE_LOOP('',(#576));
#1813=EDGE_LOOP('',(#577));
#1814=EDGE_LOOP('',(#578));
#1815=EDGE_LOOP('',(#579));
#1816=EDGE_LOOP('',(#580,#581,#582,#583));
#1817=EDGE_LOOP('',(#584));
#1818=EDGE_LOOP('',(#585));
#1819=EDGE_LOOP('',(#586,#587,#588,#589));
#1820=EDGE_LOOP('',(#590,#591,#592,#593));
#1821=EDGE_LOOP('',(#594,#595,#596,#597,#598,#599,#600,#601,#602));
#1822=EDGE_LOOP('',(#603,#604,#605));
#1823=EDGE_LOOP('',(#606,#607,#608,#609,#610,#611,#612,#613,#614,#615));
#1824=EDGE_LOOP('',(#616));
#1825=EDGE_LOOP('',(#617,#618,#619,#620,#621));
#1826=EDGE_LOOP('',(#622,#623,#624,#625,#626,#627));
#1827=EDGE_LOOP('',(#628,#629,#630,#631,#632,#633,#634,#635));
#1828=EDGE_LOOP('',(#636,#637,#638,#639));
#1829=EDGE_LOOP('',(#640));
#1830=EDGE_LOOP('',(#641));
#1831=EDGE_LOOP('',(#642));
#1832=EDGE_LOOP('',(#643));
#1833=EDGE_LOOP('',(#644));
#1834=EDGE_LOOP('',(#645));
#1835=EDGE_LOOP('',(#646));
#1836=EDGE_LOOP('',(#647,#648,#649,#650,#651,#652));
#1837=EDGE_LOOP('',(#653));
#1838=EDGE_LOOP('',(#654));
#1839=EDGE_LOOP('',(#655));
#1840=EDGE_LOOP('',(#656));
#1841=EDGE_LOOP('',(#657,#658,#659,#660));
#1842=EDGE_LOOP('',(#661,#662,#663,#664));
#1843=EDGE_LOOP('',(#665,#666,#667,#668));
#1844=EDGE_LOOP('',(#669));
#1845=EDGE_LOOP('',(#670,#671,#672,#673,#674,#675,#676,#677));
#1846=EDGE_LOOP('',(#678));
#1847=EDGE_LOOP('',(#679,#680,#681,#682,#683,#684,#685,#686,#687,#688,#689,
#690));
#1848=EDGE_LOOP('',(#691,#692,#693,#694,#695,#696,#697,#698));
#1849=EDGE_LOOP('',(#699,#700,#701,#702,#703,#704,#705,#706,#707,#708,#709,
#710));
#1850=EDGE_LOOP('',(#711,#712,#713,#714));
#1851=EDGE_LOOP('',(#715,#716,#717,#718));
#1852=EDGE_LOOP('',(#719));
#1853=EDGE_LOOP('',(#720));
#1854=EDGE_LOOP('',(#721));
#1855=EDGE_LOOP('',(#722,#723,#724,#725));
#1856=EDGE_LOOP('',(#726));
#1857=EDGE_LOOP('',(#727));
#1858=EDGE_LOOP('',(#728));
#1859=EDGE_LOOP('',(#729,#730,#731,#732));
#1860=EDGE_LOOP('',(#733,#734,#735,#736));
#1861=EDGE_LOOP('',(#737,#738,#739,#740));
#1862=EDGE_LOOP('',(#741,#742,#743,#744));
#1863=EDGE_LOOP('',(#745,#746,#747,#748));
#1864=EDGE_LOOP('',(#749,#750,#751,#752));
#1865=EDGE_LOOP('',(#753,#754,#755,#756));
#1866=EDGE_LOOP('',(#757,#758,#759,#760));
#1867=EDGE_LOOP('',(#761,#762,#763,#764));
#1868=EDGE_LOOP('',(#765,#766,#767,#768));
#1869=EDGE_LOOP('',(#769,#770,#771,#772));
#1870=EDGE_LOOP('',(#773,#774,#775,#776));
#1871=EDGE_LOOP('',(#777,#778,#779,#780));
#1872=EDGE_LOOP('',(#781,#782,#783,#784));
#1873=EDGE_LOOP('',(#785,#786,#787,#788));
#1874=EDGE_LOOP('',(#789,#790,#791,#792));
#1875=EDGE_LOOP('',(#793,#794,#795,#796));
#1876=EDGE_LOOP('',(#797));
#1877=EDGE_LOOP('',(#798,#799,#800,#801));
#1878=EDGE_LOOP('',(#802,#803,#804));
#1879=EDGE_LOOP('',(#805));
#1880=EDGE_LOOP('',(#806,#807,#808));
#1881=EDGE_LOOP('',(#809,#810,#811));
#1882=EDGE_LOOP('',(#812,#813,#814));
#1883=EDGE_LOOP('',(#815,#816,#817,#818,#819,#820));
#1884=EDGE_LOOP('',(#821,#822,#823,#824,#825,#826,#827,#828,#829,#830));
#1885=EDGE_LOOP('',(#831,#832,#833,#834));
#1886=EDGE_LOOP('',(#835,#836,#837,#838,#839,#840,#841,#842,#843,#844,#845,
#846,#847,#848));
#1887=EDGE_LOOP('',(#849,#850,#851,#852));
#1888=EDGE_LOOP('',(#853,#854,#855,#856,#857,#858,#859,#860));
#1889=EDGE_LOOP('',(#861,#862,#863,#864));
#1890=EDGE_LOOP('',(#865,#866,#867,#868));
#1891=EDGE_LOOP('',(#869,#870,#871,#872));
#1892=EDGE_LOOP('',(#873));
#1893=EDGE_LOOP('',(#874));
#1894=EDGE_LOOP('',(#875,#876,#877,#878,#879,#880));
#1895=EDGE_LOOP('',(#881,#882,#883,#884,#885,#886));
#1896=EDGE_LOOP('',(#887,#888,#889,#890,#891,#892));
#1897=EDGE_LOOP('',(#893));
#1898=EDGE_LOOP('',(#894));
#1899=EDGE_LOOP('',(#895,#896,#897,#898));
#1900=EDGE_LOOP('',(#899,#900,#901,#902,#903,#904,#905));
#1901=EDGE_LOOP('',(#906,#907,#908,#909,#910,#911));
#1902=EDGE_LOOP('',(#912));
#1903=EDGE_LOOP('',(#913));
#1904=EDGE_LOOP('',(#914,#915,#916,#917,#918,#919));
#1905=EDGE_LOOP('',(#920,#921,#922,#923,#924,#925));
#1906=EDGE_LOOP('',(#926,#927,#928,#929,#930,#931,#932,#933,#934,#935,#936,
#937));
#1907=EDGE_LOOP('',(#938,#939,#940,#941,#942,#943,#944));
#1908=EDGE_LOOP('',(#945,#946,#947,#948,#949,#950));
#1909=EDGE_LOOP('',(#951,#952,#953,#954,#955,#956));
#1910=EDGE_LOOP('',(#957));
#1911=EDGE_LOOP('',(#958));
#1912=EDGE_LOOP('',(#959));
#1913=EDGE_LOOP('',(#960,#961,#962,#963));
#1914=EDGE_LOOP('',(#964));
#1915=EDGE_LOOP('',(#965));
#1916=EDGE_LOOP('',(#966));
#1917=EDGE_LOOP('',(#967,#968,#969,#970));
#1918=EDGE_LOOP('',(#971));
#1919=EDGE_LOOP('',(#972,#973,#974,#975,#976,#977,#978,#979,#980,#981,#982));
#1920=EDGE_LOOP('',(#983));
#1921=EDGE_LOOP('',(#984,#985,#986,#987,#988,#989,#990));
#1922=EDGE_LOOP('',(#991,#992,#993,#994,#995,#996,#997,#998));
#1923=EDGE_LOOP('',(#999));
#1924=EDGE_LOOP('',(#1000));
#1925=EDGE_LOOP('',(#1001));
#1926=EDGE_LOOP('',(#1002));
#1927=EDGE_LOOP('',(#1003));
#1928=EDGE_LOOP('',(#1004));
#1929=EDGE_LOOP('',(#1005,#1006,#1007,#1008));
#1930=EDGE_LOOP('',(#1009,#1010,#1011,#1012));
#1931=EDGE_LOOP('',(#1013,#1014,#1015,#1016));
#1932=EDGE_LOOP('',(#1017,#1018,#1019,#1020));
#1933=EDGE_LOOP('',(#1021,#1022,#1023,#1024));
#1934=EDGE_LOOP('',(#1025,#1026,#1027,#1028));
#1935=EDGE_LOOP('',(#1029,#1030,#1031,#1032));
#1936=EDGE_LOOP('',(#1033,#1034,#1035,#1036));
#1937=EDGE_LOOP('',(#1037,#1038,#1039,#1040));
#1938=EDGE_LOOP('',(#1041,#1042,#1043,#1044));
#1939=EDGE_LOOP('',(#1045,#1046,#1047,#1048));
#1940=EDGE_LOOP('',(#1049,#1050,#1051,#1052));
#1941=EDGE_LOOP('',(#1053,#1054,#1055,#1056));
#1942=EDGE_LOOP('',(#1057,#1058,#1059,#1060));
#1943=EDGE_LOOP('',(#1061,#1062,#1063,#1064));
#1944=EDGE_LOOP('',(#1065,#1066,#1067,#1068));
#1945=EDGE_LOOP('',(#1069,#1070,#1071,#1072));
#1946=EDGE_LOOP('',(#1073,#1074,#1075,#1076));
#1947=EDGE_LOOP('',(#1077,#1078,#1079,#1080));
#1948=EDGE_LOOP('',(#1081,#1082,#1083,#1084));
#1949=EDGE_LOOP('',(#1085,#1086,#1087,#1088));
#1950=EDGE_LOOP('',(#1089,#1090,#1091,#1092));
#1951=EDGE_LOOP('',(#1093,#1094,#1095,#1096));
#1952=EDGE_LOOP('',(#1097,#1098,#1099,#1100));
#1953=EDGE_LOOP('',(#1101,#1102,#1103,#1104));
#1954=EDGE_LOOP('',(#1105,#1106,#1107,#1108));
#1955=EDGE_LOOP('',(#1109,#1110,#1111,#1112));
#1956=EDGE_LOOP('',(#1113,#1114,#1115,#1116));
#1957=EDGE_LOOP('',(#1117,#1118,#1119,#1120));
#1958=EDGE_LOOP('',(#1121,#1122,#1123,#1124));
#1959=EDGE_LOOP('',(#1125,#1126,#1127,#1128));
#1960=EDGE_LOOP('',(#1129,#1130,#1131,#1132));
#1961=EDGE_LOOP('',(#1133,#1134,#1135,#1136));
#1962=EDGE_LOOP('',(#1137,#1138));
#1963=EDGE_LOOP('',(#1139,#1140,#1141,#1142));
#1964=EDGE_LOOP('',(#1143,#1144,#1145,#1146));
#1965=EDGE_LOOP('',(#1147,#1148,#1149,#1150));
#1966=EDGE_LOOP('',(#1151,#1152,#1153,#1154,#1155,#1156,#1157,#1158));
#1967=EDGE_LOOP('',(#1159,#1160,#1161,#1162));
#1968=EDGE_LOOP('',(#1163));
#1969=EDGE_LOOP('',(#1164));
#1970=EDGE_LOOP('',(#1165));
#1971=EDGE_LOOP('',(#1166));
#1972=EDGE_LOOP('',(#1167,#1168,#1169,#1170));
#1973=EDGE_LOOP('',(#1171,#1172,#1173,#1174));
#1974=EDGE_LOOP('',(#1175,#1176,#1177,#1178));
#1975=FACE_BOUND('',#1791,.T.);
#1976=FACE_BOUND('',#1792,.T.);
#1977=FACE_BOUND('',#1793,.T.);
#1978=FACE_BOUND('',#1794,.T.);
#1979=FACE_BOUND('',#1795,.T.);
#1980=FACE_BOUND('',#1796,.T.);
#1981=FACE_BOUND('',#1797,.T.);
#1982=FACE_BOUND('',#1798,.T.);
#1983=FACE_BOUND('',#1799,.T.);
#1984=FACE_BOUND('',#1800,.T.);
#1985=FACE_BOUND('',#1801,.T.);
#1986=FACE_BOUND('',#1802,.T.);
#1987=FACE_BOUND('',#1803,.T.);
#1988=FACE_BOUND('',#1804,.T.);
#1989=FACE_BOUND('',#1805,.T.);
#1990=FACE_BOUND('',#1806,.T.);
#1991=FACE_BOUND('',#1807,.T.);
#1992=FACE_BOUND('',#1808,.T.);
#1993=FACE_BOUND('',#1809,.T.);
#1994=FACE_BOUND('',#1810,.T.);
#1995=FACE_BOUND('',#1811,.T.);
#1996=FACE_BOUND('',#1812,.T.);
#1997=FACE_BOUND('',#1813,.T.);
#1998=FACE_BOUND('',#1814,.T.);
#1999=FACE_BOUND('',#1815,.T.);
#2000=FACE_BOUND('',#1816,.T.);
#2001=FACE_BOUND('',#1817,.T.);
#2002=FACE_BOUND('',#1818,.T.);
#2003=FACE_BOUND('',#1819,.T.);
#2004=FACE_BOUND('',#1820,.T.);
#2005=FACE_BOUND('',#1821,.T.);
#2006=FACE_BOUND('',#1822,.T.);
#2007=FACE_BOUND('',#1823,.T.);
#2008=FACE_BOUND('',#1824,.T.);
#2009=FACE_BOUND('',#1825,.T.);
#2010=FACE_BOUND('',#1826,.T.);
#2011=FACE_BOUND('',#1827,.T.);
#2012=FACE_BOUND('',#1828,.T.);
#2013=FACE_BOUND('',#1829,.T.);
#2014=FACE_BOUND('',#1830,.T.);
#2015=FACE_BOUND('',#1831,.T.);
#2016=FACE_BOUND('',#1832,.T.);
#2017=FACE_BOUND('',#1833,.T.);
#2018=FACE_BOUND('',#1834,.T.);
#2019=FACE_BOUND('',#1835,.T.);
#2020=FACE_BOUND('',#1836,.T.);
#2021=FACE_BOUND('',#1837,.T.);
#2022=FACE_BOUND('',#1838,.T.);
#2023=FACE_BOUND('',#1839,.T.);
#2024=FACE_BOUND('',#1840,.T.);
#2025=FACE_BOUND('',#1841,.T.);
#2026=FACE_BOUND('',#1842,.T.);
#2027=FACE_BOUND('',#1843,.T.);
#2028=FACE_BOUND('',#1844,.T.);
#2029=FACE_BOUND('',#1845,.T.);
#2030=FACE_BOUND('',#1846,.T.);
#2031=FACE_BOUND('',#1847,.T.);
#2032=FACE_BOUND('',#1848,.T.);
#2033=FACE_BOUND('',#1849,.T.);
#2034=FACE_BOUND('',#1850,.T.);
#2035=FACE_BOUND('',#1851,.T.);
#2036=FACE_BOUND('',#1852,.T.);
#2037=FACE_BOUND('',#1853,.T.);
#2038=FACE_BOUND('',#1854,.T.);
#2039=FACE_BOUND('',#1855,.T.);
#2040=FACE_BOUND('',#1856,.T.);
#2041=FACE_BOUND('',#1857,.T.);
#2042=FACE_BOUND('',#1858,.T.);
#2043=FACE_BOUND('',#1859,.T.);
#2044=FACE_BOUND('',#1860,.T.);
#2045=FACE_BOUND('',#1861,.T.);
#2046=FACE_BOUND('',#1862,.T.);
#2047=FACE_BOUND('',#1863,.T.);
#2048=FACE_BOUND('',#1864,.T.);
#2049=FACE_BOUND('',#1865,.T.);
#2050=FACE_BOUND('',#1866,.T.);
#2051=FACE_BOUND('',#1867,.T.);
#2052=FACE_BOUND('',#1868,.T.);
#2053=FACE_BOUND('',#1869,.T.);
#2054=FACE_BOUND('',#1870,.T.);
#2055=FACE_BOUND('',#1871,.T.);
#2056=FACE_BOUND('',#1872,.T.);
#2057=FACE_BOUND('',#1873,.T.);
#2058=FACE_BOUND('',#1874,.T.);
#2059=FACE_BOUND('',#1875,.T.);
#2060=FACE_BOUND('',#1876,.T.);
#2061=FACE_BOUND('',#1877,.T.);
#2062=FACE_BOUND('',#1878,.T.);
#2063=FACE_BOUND('',#1879,.T.);
#2064=FACE_BOUND('',#1880,.T.);
#2065=FACE_BOUND('',#1881,.T.);
#2066=FACE_BOUND('',#1882,.T.);
#2067=FACE_BOUND('',#1883,.T.);
#2068=FACE_BOUND('',#1884,.T.);
#2069=FACE_BOUND('',#1885,.T.);
#2070=FACE_BOUND('',#1886,.T.);
#2071=FACE_BOUND('',#1887,.T.);
#2072=FACE_BOUND('',#1888,.T.);
#2073=FACE_BOUND('',#1889,.T.);
#2074=FACE_BOUND('',#1890,.T.);
#2075=FACE_BOUND('',#1891,.T.);
#2076=FACE_BOUND('',#1892,.T.);
#2077=FACE_BOUND('',#1893,.T.);
#2078=FACE_BOUND('',#1894,.T.);
#2079=FACE_BOUND('',#1895,.T.);
#2080=FACE_BOUND('',#1896,.T.);
#2081=FACE_BOUND('',#1897,.T.);
#2082=FACE_BOUND('',#1898,.T.);
#2083=FACE_BOUND('',#1899,.T.);
#2084=FACE_BOUND('',#1900,.T.);
#2085=FACE_BOUND('',#1901,.T.);
#2086=FACE_BOUND('',#1902,.T.);
#2087=FACE_BOUND('',#1903,.T.);
#2088=FACE_BOUND('',#1904,.T.);
#2089=FACE_BOUND('',#1905,.T.);
#2090=FACE_BOUND('',#1906,.T.);
#2091=FACE_BOUND('',#1907,.T.);
#2092=FACE_BOUND('',#1908,.T.);
#2093=FACE_BOUND('',#1909,.T.);
#2094=FACE_BOUND('',#1910,.T.);
#2095=FACE_BOUND('',#1911,.T.);
#2096=FACE_BOUND('',#1912,.T.);
#2097=FACE_BOUND('',#1913,.T.);
#2098=FACE_BOUND('',#1914,.T.);
#2099=FACE_BOUND('',#1915,.T.);
#2100=FACE_BOUND('',#1916,.T.);
#2101=FACE_BOUND('',#1917,.T.);
#2102=FACE_BOUND('',#1918,.T.);
#2103=FACE_BOUND('',#1919,.T.);
#2104=FACE_BOUND('',#1920,.T.);
#2105=FACE_BOUND('',#1921,.T.);
#2106=FACE_BOUND('',#1922,.T.);
#2107=FACE_BOUND('',#1923,.T.);
#2108=FACE_BOUND('',#1924,.T.);
#2109=FACE_BOUND('',#1925,.T.);
#2110=FACE_BOUND('',#1926,.T.);
#2111=FACE_BOUND('',#1927,.T.);
#2112=FACE_BOUND('',#1928,.T.);
#2113=FACE_BOUND('',#1929,.T.);
#2114=FACE_BOUND('',#1930,.T.);
#2115=FACE_BOUND('',#1931,.T.);
#2116=FACE_BOUND('',#1932,.T.);
#2117=FACE_BOUND('',#1933,.T.);
#2118=FACE_BOUND('',#1934,.T.);
#2119=FACE_BOUND('',#1935,.T.);
#2120=FACE_BOUND('',#1936,.T.);
#2121=FACE_BOUND('',#1937,.T.);
#2122=FACE_BOUND('',#1938,.T.);
#2123=FACE_BOUND('',#1939,.T.);
#2124=FACE_BOUND('',#1940,.T.);
#2125=FACE_BOUND('',#1941,.T.);
#2126=FACE_BOUND('',#1942,.T.);
#2127=FACE_BOUND('',#1943,.T.);
#2128=FACE_BOUND('',#1944,.T.);
#2129=FACE_BOUND('',#1945,.T.);
#2130=FACE_BOUND('',#1946,.T.);
#2131=FACE_BOUND('',#1947,.T.);
#2132=FACE_BOUND('',#1948,.T.);
#2133=FACE_BOUND('',#1949,.T.);
#2134=FACE_BOUND('',#1950,.T.);
#2135=FACE_BOUND('',#1951,.T.);
#2136=FACE_BOUND('',#1952,.T.);
#2137=FACE_BOUND('',#1953,.T.);
#2138=FACE_BOUND('',#1954,.T.);
#2139=FACE_BOUND('',#1955,.T.);
#2140=FACE_BOUND('',#1956,.T.);
#2141=FACE_BOUND('',#1957,.T.);
#2142=FACE_BOUND('',#1958,.T.);
#2143=FACE_BOUND('',#1959,.T.);
#2144=FACE_BOUND('',#1960,.T.);
#2145=FACE_BOUND('',#1961,.T.);
#2146=FACE_BOUND('',#1962,.T.);
#2147=FACE_BOUND('',#1963,.T.);
#2148=FACE_BOUND('',#1964,.T.);
#2149=FACE_BOUND('',#1965,.T.);
#2150=FACE_BOUND('',#1966,.T.);
#2151=FACE_BOUND('',#1967,.T.);
#2152=FACE_BOUND('',#1968,.T.);
#2153=FACE_BOUND('',#1969,.T.);
#2154=FACE_BOUND('',#1970,.T.);
#2155=FACE_BOUND('',#1971,.T.);
#2156=FACE_BOUND('',#1972,.T.);
#2157=FACE_BOUND('',#1973,.T.);
#2158=FACE_BOUND('',#1974,.T.);
#2159=CYLINDRICAL_SURFACE('',#2430,0.0035);
#2160=CYLINDRICAL_SURFACE('',#2436,0.0035);
#2161=CYLINDRICAL_SURFACE('',#2442,0.0035);
#2162=CYLINDRICAL_SURFACE('',#2447,0.048);
#2163=CYLINDRICAL_SURFACE('',#2455,0.045);
#2164=CYLINDRICAL_SURFACE('',#2458,0.048);
#2165=CYLINDRICAL_SURFACE('',#2478,0.001);
#2166=CYLINDRICAL_SURFACE('',#2479,0.001);
#2167=CYLINDRICAL_SURFACE('',#2483,0.0035);
#2168=CYLINDRICAL_SURFACE('',#2484,0.0035);
#2169=CYLINDRICAL_SURFACE('',#2489,0.022);
#2170=CYLINDRICAL_SURFACE('',#2494,0.019);
#2171=CYLINDRICAL_SURFACE('',#2503,0.0035);
#2172=CYLINDRICAL_SURFACE('',#2505,0.0035);
#2173=CYLINDRICAL_SURFACE('',#2511,0.002);
#2174=CYLINDRICAL_SURFACE('',#2512,0.002);
#2175=CYLINDRICAL_SURFACE('',#2513,0.002);
#2176=CYLINDRICAL_SURFACE('',#2514,0.002);
#2177=CYLINDRICAL_SURFACE('',#2515,0.002);
#2178=CYLINDRICAL_SURFACE('',#2516,0.002);
#2179=CYLINDRICAL_SURFACE('',#2517,0.002);
#2180=CYLINDRICAL_SURFACE('',#2518,0.002);
#2181=CYLINDRICAL_SURFACE('',#2519,0.002);
#2182=CYLINDRICAL_SURFACE('',#2520,0.002);
#2183=CYLINDRICAL_SURFACE('',#2522,0.0035);
#2184=CYLINDRICAL_SURFACE('',#2527,0.048);
#2185=CYLINDRICAL_SURFACE('',#2554,0.035);
#2186=CYLINDRICAL_SURFACE('',#2569,0.032);
#2187=CYLINDRICAL_SURFACE('',#2586,0.0035);
#2188=CYLINDRICAL_SURFACE('',#2588,0.0035);
#2189=CYLINDRICAL_SURFACE('',#2597,0.001);
#2190=CYLINDRICAL_SURFACE('',#2600,0.001);
#2191=CYLINDRICAL_SURFACE('',#2616,0.003);
#2192=CYLINDRICAL_SURFACE('',#2617,0.003);
#2193=CYLINDRICAL_SURFACE('',#2618,0.003);
#2194=CYLINDRICAL_SURFACE('',#2619,0.003);
#2195=CYLINDRICAL_SURFACE('',#2620,0.003);
#2196=CYLINDRICAL_SURFACE('',#2621,0.003);
#2197=CYLINDRICAL_SURFACE('',#2622,0.003);
#2198=CYLINDRICAL_SURFACE('',#2623,0.003);
#2199=CYLINDRICAL_SURFACE('',#2624,0.003);
#2200=CYLINDRICAL_SURFACE('',#2625,0.003);
#2201=CYLINDRICAL_SURFACE('',#2626,0.003);
#2202=CYLINDRICAL_SURFACE('',#2627,0.003);
#2203=CYLINDRICAL_SURFACE('',#2630,0.01);
#2204=CYLINDRICAL_SURFACE('',#2631,0.01);
#2205=CYLINDRICAL_SURFACE('',#2632,0.01);
#2206=CYLINDRICAL_SURFACE('',#2633,0.01);
#2207=CYLINDRICAL_SURFACE('',#2639,0.045);
#2208=CYLINDRICAL_SURFACE('',#2640,0.045);
#2209=CYLINDRICAL_SURFACE('',#2641,0.045);
#2210=CYLINDRICAL_SURFACE('',#2642,0.0035);
#2211=CYLINDRICAL_SURFACE('',#2643,0.0035);
#2212=ADVANCED_FACE('',(#1975,#1976),#2159,.T.);
#2213=ADVANCED_FACE('',(#1977),#455,.T.);
#2214=ADVANCED_FACE('',(#1978),#456,.F.);
#2215=ADVANCED_FACE('',(#1979,#1980),#2160,.T.);
#2216=ADVANCED_FACE('',(#1981),#457,.T.);
#2217=ADVANCED_FACE('',(#1982),#458,.F.);
#2218=ADVANCED_FACE('',(#1983,#1984),#2161,.T.);
#2219=ADVANCED_FACE('',(#1985),#459,.T.);
#2220=ADVANCED_FACE('',(#1986),#460,.F.);
#2221=ADVANCED_FACE('',(#1987),#2162,.T.);
#2222=ADVANCED_FACE('',(#1988),#461,.F.);
#2223=ADVANCED_FACE('',(#1989),#462,.F.);
#2224=ADVANCED_FACE('',(#1990),#463,.T.);
#2225=ADVANCED_FACE('',(#1991,#1992),#464,.F.);
#2226=ADVANCED_FACE('',(#1993,#1994,#1995,#1996),#2163,.F.);
#2227=ADVANCED_FACE('',(#1997,#1998,#1999,#2000),#2164,.T.);
#2228=ADVANCED_FACE('',(#2001,#2002),#465,.T.);
#2229=ADVANCED_FACE('',(#2003),#466,.F.);
#2230=ADVANCED_FACE('',(#2004),#467,.F.);
#2231=ADVANCED_FACE('',(#2005),#468,.F.);
#2232=ADVANCED_FACE('',(#2006),#469,.F.);
#2233=ADVANCED_FACE('',(#2007),#470,.F.);
#2234=ADVANCED_FACE('',(#2008,#2009),#471,.T.);
#2235=ADVANCED_FACE('',(#2010),#472,.F.);
#2236=ADVANCED_FACE('',(#2011),#473,.T.);
#2237=ADVANCED_FACE('',(#2012,#2013),#474,.T.);
#2238=ADVANCED_FACE('',(#2014),#475,.T.);
#2239=ADVANCED_FACE('',(#2015,#2016),#2165,.T.);
#2240=ADVANCED_FACE('',(#2017,#2018),#2166,.T.);
#2241=ADVANCED_FACE('',(#2019),#476,.T.);
#2242=ADVANCED_FACE('',(#2020),#30,.F.);
#2243=ADVANCED_FACE('',(#2021,#2022),#2167,.F.);
#2244=ADVANCED_FACE('',(#2023,#2024),#2168,.F.);
#2245=ADVANCED_FACE('',(#2025),#477,.T.);
#2246=ADVANCED_FACE('',(#2026),#478,.F.);
#2247=ADVANCED_FACE('',(#2027),#479,.T.);
#2248=ADVANCED_FACE('',(#2028,#2029,#2030,#2031),#2169,.T.);
#2249=ADVANCED_FACE('',(#2032,#2033),#2170,.F.);
#2250=ADVANCED_FACE('',(#2034),#480,.F.);
#2251=ADVANCED_FACE('',(#2035),#481,.T.);
#2252=ADVANCED_FACE('',(#2036),#482,.T.);
#2253=ADVANCED_FACE('',(#2037,#2038),#2171,.F.);
#2254=ADVANCED_FACE('',(#2039),#483,.F.);
#2255=ADVANCED_FACE('',(#2040,#2041),#2172,.F.);
#2256=ADVANCED_FACE('',(#2042),#484,.T.);
#2257=ADVANCED_FACE('',(#2043),#485,.F.);
#2258=ADVANCED_FACE('',(#2044),#486,.T.);
#2259=ADVANCED_FACE('',(#2045),#487,.T.);
#2260=ADVANCED_FACE('',(#2046),#26,.F.);
#2261=ADVANCED_FACE('',(#2047),#27,.F.);
#2262=ADVANCED_FACE('',(#2048),#28,.T.);
#2263=ADVANCED_FACE('',(#2049),#29,.T.);
#2264=ADVANCED_FACE('',(#2050),#2173,.T.);
#2265=ADVANCED_FACE('',(#2051),#2174,.T.);
#2266=ADVANCED_FACE('',(#2052),#2175,.T.);
#2267=ADVANCED_FACE('',(#2053),#2176,.T.);
#2268=ADVANCED_FACE('',(#2054),#2177,.T.);
#2269=ADVANCED_FACE('',(#2055),#2178,.T.);
#2270=ADVANCED_FACE('',(#2056),#2179,.F.);
#2271=ADVANCED_FACE('',(#2057),#2180,.F.);
#2272=ADVANCED_FACE('',(#2058),#2181,.T.);
#2273=ADVANCED_FACE('',(#2059),#2182,.T.);
#2274=ADVANCED_FACE('',(#2060,#2061),#2183,.T.);
#2275=ADVANCED_FACE('',(#2062),#488,.T.);
#2276=ADVANCED_FACE('',(#2063),#489,.F.);
#2277=ADVANCED_FACE('',(#2064),#2184,.T.);
#2278=ADVANCED_FACE('',(#2065),#490,.F.);
#2279=ADVANCED_FACE('',(#2066),#491,.F.);
#2280=ADVANCED_FACE('',(#2067),#492,.F.);
#2281=ADVANCED_FACE('',(#2068),#493,.F.);
#2282=ADVANCED_FACE('',(#2069),#494,.F.);
#2283=ADVANCED_FACE('',(#2070),#495,.T.);
#2284=ADVANCED_FACE('',(#2071,#2072),#496,.F.);
#2285=ADVANCED_FACE('',(#2073),#497,.T.);
#2286=ADVANCED_FACE('',(#2074),#498,.F.);
#2287=ADVANCED_FACE('',(#2075),#499,.T.);
#2288=ADVANCED_FACE('',(#2076,#2077,#2078,#2079,#2080,#2081,#2082,#2083,
#2084,#2085),#2185,.T.);
#2289=ADVANCED_FACE('',(#2086,#2087,#2088,#2089,#2090,#2091,#2092,#2093),
#2186,.F.);
#2290=ADVANCED_FACE('',(#2094),#500,.F.);
#2291=ADVANCED_FACE('',(#2095,#2096),#2187,.F.);
#2292=ADVANCED_FACE('',(#2097),#501,.F.);
#2293=ADVANCED_FACE('',(#2098,#2099),#2188,.F.);
#2294=ADVANCED_FACE('',(#2100),#502,.F.);
#2295=ADVANCED_FACE('',(#2101),#503,.F.);
#2296=ADVANCED_FACE('',(#2102,#2103,#2104),#504,.F.);
#2297=ADVANCED_FACE('',(#2105),#505,.T.);
#2298=ADVANCED_FACE('',(#2106),#506,.F.);
#2299=ADVANCED_FACE('',(#2107,#2108),#2189,.T.);
#2300=ADVANCED_FACE('',(#2109),#507,.F.);
#2301=ADVANCED_FACE('',(#2110,#2111),#2190,.T.);
#2302=ADVANCED_FACE('',(#2112),#508,.F.);
#2303=ADVANCED_FACE('',(#2113),#31,.F.);
#2304=ADVANCED_FACE('',(#2114),#509,.F.);
#2305=ADVANCED_FACE('',(#2115),#510,.F.);
#2306=ADVANCED_FACE('',(#2116),#511,.F.);
#2307=ADVANCED_FACE('',(#2117),#512,.F.);
#2308=ADVANCED_FACE('',(#2118),#513,.F.);
#2309=ADVANCED_FACE('',(#2119),#514,.F.);
#2310=ADVANCED_FACE('',(#2120),#515,.T.);
#2311=ADVANCED_FACE('',(#2121),#516,.T.);
#2312=ADVANCED_FACE('',(#2122),#517,.T.);
#2313=ADVANCED_FACE('',(#2123),#518,.T.);
#2314=ADVANCED_FACE('',(#2124),#519,.T.);
#2315=ADVANCED_FACE('',(#2125),#520,.T.);
#2316=ADVANCED_FACE('',(#2126),#2191,.F.);
#2317=ADVANCED_FACE('',(#2127),#2192,.F.);
#2318=ADVANCED_FACE('',(#2128),#2193,.F.);
#2319=ADVANCED_FACE('',(#2129),#2194,.F.);
#2320=ADVANCED_FACE('',(#2130),#2195,.F.);
#2321=ADVANCED_FACE('',(#2131),#2196,.F.);
#2322=ADVANCED_FACE('',(#2132),#2197,.F.);
#2323=ADVANCED_FACE('',(#2133),#2198,.F.);
#2324=ADVANCED_FACE('',(#2134),#2199,.F.);
#2325=ADVANCED_FACE('',(#2135),#2200,.F.);
#2326=ADVANCED_FACE('',(#2136),#2201,.F.);
#2327=ADVANCED_FACE('',(#2137),#2202,.F.);
#2328=ADVANCED_FACE('',(#2138),#521,.T.);
#2329=ADVANCED_FACE('',(#2139),#522,.F.);
#2330=ADVANCED_FACE('',(#2140),#2203,.F.);
#2331=ADVANCED_FACE('',(#2141),#2204,.F.);
#2332=ADVANCED_FACE('',(#2142),#2205,.T.);
#2333=ADVANCED_FACE('',(#2143),#2206,.T.);
#2334=ADVANCED_FACE('',(#2144),#523,.T.);
#2335=ADVANCED_FACE('',(#2145),#524,.T.);
#2336=ADVANCED_FACE('',(#2146),#525,.F.);
#2337=ADVANCED_FACE('',(#2147),#526,.F.);
#2338=ADVANCED_FACE('',(#2148),#527,.F.);
#2339=ADVANCED_FACE('',(#2149),#2207,.T.);
#2340=ADVANCED_FACE('',(#2150),#2208,.T.);
#2341=ADVANCED_FACE('',(#2151),#2209,.T.);
#2342=ADVANCED_FACE('',(#2152,#2153),#2210,.F.);
#2343=ADVANCED_FACE('',(#2154,#2155),#2211,.F.);
#2344=ADVANCED_FACE('',(#2156),#528,.F.);
#2345=ADVANCED_FACE('',(#2157),#529,.T.);
#2346=ADVANCED_FACE('',(#2158),#530,.F.);
#2347=CLOSED_SHELL('',(#2212,#2213,#2214));
#2348=CLOSED_SHELL('',(#2215,#2216,#2217));
#2349=CLOSED_SHELL('',(#2218,#2219,#2220,#2221,#2222,#2223));
#2350=CLOSED_SHELL('',(#2224,#2225,#2226,#2227,#2228,#2229,#2230,#2231,
#2232,#2233,#2234,#2235,#2236,#2237,#2238,#2239,#2240,#2241,#2242,#2243,
#2244,#2245,#2246,#2247));
#2351=CLOSED_SHELL('',(#2248,#2249,#2250,#2251,#2252,#2253,#2254,#2255,
#2256,#2257,#2258,#2259,#2260,#2261,#2262,#2263,#2264,#2265,#2266,#2267,
#2268,#2269,#2270,#2271,#2272,#2273));
#2352=CLOSED_SHELL('',(#2274,#2275,#2276,#2277,#2278,#2279));
#2353=CLOSED_SHELL('',(#2280,#2281,#2282,#2283,#2284,#2285,#2286,#2287,
#2288,#2289,#2290,#2291,#2292,#2293,#2294,#2295,#2296,#2297,#2298,#2299,
#2300,#2301,#2302,#2303,#2304,#2305,#2306,#2307,#2308,#2309,#2310,#2311,
#2312,#2313,#2314,#2315,#2316,#2317,#2318,#2319,#2320,#2321,#2322,#2323,
#2324,#2325,#2326,#2327,#2328,#2329,#2330,#2331,#2332,#2333,#2334,#2335,
#2336,#2337,#2338,#2339,#2340,#2341,#2342,#2343,#2344,#2345,#2346));
#2354=STYLED_ITEM('',(#2361),#2408);
#2355=STYLED_ITEM('',(#2362),#2409);
#2356=STYLED_ITEM('',(#2363),#2410);
#2357=STYLED_ITEM('',(#2364),#2411);
#2358=STYLED_ITEM('',(#2365),#2412);
#2359=STYLED_ITEM('',(#2366),#2413);
#2360=STYLED_ITEM('',(#2367),#2414);
#2361=PRESENTATION_STYLE_ASSIGNMENT((#2368));
#2362=PRESENTATION_STYLE_ASSIGNMENT((#2369));
#2363=PRESENTATION_STYLE_ASSIGNMENT((#2370));
#2364=PRESENTATION_STYLE_ASSIGNMENT((#2371));
#2365=PRESENTATION_STYLE_ASSIGNMENT((#2372));
#2366=PRESENTATION_STYLE_ASSIGNMENT((#2373));
#2367=PRESENTATION_STYLE_ASSIGNMENT((#2374));
#2368=SURFACE_STYLE_USAGE(.BOTH.,#2375);
#2369=SURFACE_STYLE_USAGE(.BOTH.,#2376);
#2370=SURFACE_STYLE_USAGE(.BOTH.,#2377);
#2371=SURFACE_STYLE_USAGE(.BOTH.,#2378);
#2372=SURFACE_STYLE_USAGE(.BOTH.,#2379);
#2373=SURFACE_STYLE_USAGE(.BOTH.,#2380);
#2374=SURFACE_STYLE_USAGE(.BOTH.,#2381);
#2375=SURFACE_SIDE_STYLE('',(#2382));
#2376=SURFACE_SIDE_STYLE('',(#2383));
#2377=SURFACE_SIDE_STYLE('',(#2384));
#2378=SURFACE_SIDE_STYLE('',(#2385));
#2379=SURFACE_SIDE_STYLE('',(#2386));
#2380=SURFACE_SIDE_STYLE('',(#2387));
#2381=SURFACE_SIDE_STYLE('',(#2388));
#2382=SURFACE_STYLE_FILL_AREA(#2389);
#2383=SURFACE_STYLE_FILL_AREA(#2390);
#2384=SURFACE_STYLE_FILL_AREA(#2391);
#2385=SURFACE_STYLE_FILL_AREA(#2392);
#2386=SURFACE_STYLE_FILL_AREA(#2393);
#2387=SURFACE_STYLE_FILL_AREA(#2394);
#2388=SURFACE_STYLE_FILL_AREA(#2395);
#2389=FILL_AREA_STYLE('',(#2396));
#2390=FILL_AREA_STYLE('',(#2397));
#2391=FILL_AREA_STYLE('',(#2398));
#2392=FILL_AREA_STYLE('',(#2399));
#2393=FILL_AREA_STYLE('',(#2400));
#2394=FILL_AREA_STYLE('',(#2401));
#2395=FILL_AREA_STYLE('',(#2402));
#2396=FILL_AREA_STYLE_COLOUR('',#2403);
#2397=FILL_AREA_STYLE_COLOUR('',#2403);
#2398=FILL_AREA_STYLE_COLOUR('',#2404);
#2399=FILL_AREA_STYLE_COLOUR('',#2405);
#2400=FILL_AREA_STYLE_COLOUR('',#2406);
#2401=FILL_AREA_STYLE_COLOUR('',#2404);
#2402=FILL_AREA_STYLE_COLOUR('',#2407);
#2403=COLOUR_RGB('',0.647058823529412,0.647058823529412,0.647058823529412);
#2404=COLOUR_RGB('',0.917647058823529,0.917647058823529,0.917647058823529);
#2405=COLOUR_RGB('',0.972549019607843,0.529411764705882,0.00392156862745098);
#2406=COLOUR_RGB('',0.615686274509804,0.811764705882353,0.929411764705882);
#2407=COLOUR_RGB('',0.231372549019608,0.380392156862745,0.705882352941177);
#2408=MANIFOLD_SOLID_BREP('Base Axis 1',#2347);
#2409=MANIFOLD_SOLID_BREP('Base Axis 2',#2348);
#2410=MANIFOLD_SOLID_BREP('Secondary Axis 2',#2349);
#2411=MANIFOLD_SOLID_BREP('Tertiary Rig',#2350);
#2412=MANIFOLD_SOLID_BREP('Base Rig',#2351);
#2413=MANIFOLD_SOLID_BREP('Secondary Axis 1',#2352);
#2414=MANIFOLD_SOLID_BREP('Secondary Rig',#2353);
#2415=SHAPE_DEFINITION_REPRESENTATION(#4594,#2422);
#2416=SHAPE_DEFINITION_REPRESENTATION(#4595,#2423);
#2417=SHAPE_DEFINITION_REPRESENTATION(#4596,#2424);
#2418=SHAPE_DEFINITION_REPRESENTATION(#4597,#2425);
#2419=SHAPE_DEFINITION_REPRESENTATION(#4598,#2426);
#2420=SHAPE_DEFINITION_REPRESENTATION(#4599,#2427);
#2421=SHAPE_DEFINITION_REPRESENTATION(#4600,#2428);
#2422=SHAPE_REPRESENTATION('Base Axis 1',(#2429),#4559);
#2423=SHAPE_REPRESENTATION('Base Axis 2',(#2435),#4560);
#2424=SHAPE_REPRESENTATION('Secondary Axis 2',(#2441),#4561);
#2425=SHAPE_REPRESENTATION('Tertiary Rig',(#2452),#4562);
#2426=SHAPE_REPRESENTATION('Base Rig',(#2488),#4563);
#2427=SHAPE_REPRESENTATION('Secondary Axis 1',(#2521),#4564);
#2428=SHAPE_REPRESENTATION('Secondary Rig',(#2532),#4565);
#2429=AXIS2_PLACEMENT_3D('',#3248,#2647,#2648);
#2430=AXIS2_PLACEMENT_3D('',#3249,#2649,#2650);
#2431=AXIS2_PLACEMENT_3D('',#3250,#2651,#2652);
#2432=AXIS2_PLACEMENT_3D('',#3252,#2653,#2654);
#2433=AXIS2_PLACEMENT_3D('',#3254,#2655,#2656);
#2434=AXIS2_PLACEMENT_3D('',#3255,#2657,#2658);
#2435=AXIS2_PLACEMENT_3D('',#3256,#2659,#2660);
#2436=AXIS2_PLACEMENT_3D('',#3257,#2661,#2662);
#2437=AXIS2_PLACEMENT_3D('',#3258,#2663,#2664);
#2438=AXIS2_PLACEMENT_3D('',#3260,#2665,#2666);
#2439=AXIS2_PLACEMENT_3D('',#3262,#2667,#2668);
#2440=AXIS2_PLACEMENT_3D('',#3263,#2669,#2670);
#2441=AXIS2_PLACEMENT_3D('',#3264,#2671,#2672);
#2442=AXIS2_PLACEMENT_3D('',#3265,#2673,#2674);
#2443=AXIS2_PLACEMENT_3D('',#3266,#2675,#2676);
#2444=AXIS2_PLACEMENT_3D('',#3268,#2677,#2678);
#2445=AXIS2_PLACEMENT_3D('',#3282,#2681,#2682);
#2446=AXIS2_PLACEMENT_3D('',#3286,#2685,#2686);
#2447=AXIS2_PLACEMENT_3D('',#3287,#2687,#2688);
#2448=AXIS2_PLACEMENT_3D('',#3288,#2689,#2690);
#2449=AXIS2_PLACEMENT_3D('',#3289,#2691,#2692);
#2450=AXIS2_PLACEMENT_3D('',#3290,#2693,#2694);
#2451=AXIS2_PLACEMENT_3D('',#3291,#2695,#2696);
#2452=AXIS2_PLACEMENT_3D('',#3292,#2697,#2698);
#2453=AXIS2_PLACEMENT_3D('',#3293,#2699,#2700);
#2454=AXIS2_PLACEMENT_3D('',#3310,#2709,#2710);
#2455=AXIS2_PLACEMENT_3D('',#3327,#2719,#2720);
#2456=AXIS2_PLACEMENT_3D('',#3352,#2721,#2722);
#2457=AXIS2_PLACEMENT_3D('',#3354,#2723,#2724);
#2458=AXIS2_PLACEMENT_3D('',#3356,#2725,#2726);
#2459=AXIS2_PLACEMENT_3D('',#3381,#2727,#2728);
#2460=AXIS2_PLACEMENT_3D('',#3383,#2729,#2730);
#2461=AXIS2_PLACEMENT_3D('',#3388,#2732,#2733);
#2462=AXIS2_PLACEMENT_3D('',#3391,#2735,#2736);
#2463=AXIS2_PLACEMENT_3D('',#3392,#2737,#2738);
#2464=AXIS2_PLACEMENT_3D('',#3395,#2741,#2742);
#2465=AXIS2_PLACEMENT_3D('',#3404,#2747,#2748);
#2466=AXIS2_PLACEMENT_3D('',#3417,#2754,#2755);
#2467=AXIS2_PLACEMENT_3D('',#3418,#2756,#2757);
#2468=AXIS2_PLACEMENT_3D('',#3421,#2759,#2760);
#2469=AXIS2_PLACEMENT_3D('',#3433,#2765,#2766);
#2470=AXIS2_PLACEMENT_3D('',#3434,#2767,#2768);
#2471=AXIS2_PLACEMENT_3D('',#3442,#2769,#2770);
#2472=AXIS2_PLACEMENT_3D('',#3443,#2771,#2772);
#2473=AXIS2_PLACEMENT_3D('',#3444,#2773,#2774);
#2474=AXIS2_PLACEMENT_3D('',#3447,#2777,#2778);
#2475=AXIS2_PLACEMENT_3D('',#3448,#2779,#2780);
#2476=AXIS2_PLACEMENT_3D('',#3450,#2781,#2782);
#2477=AXIS2_PLACEMENT_3D('',#3451,#2783,#2784);
#2478=AXIS2_PLACEMENT_3D('',#3453,#2785,#2786);
#2479=AXIS2_PLACEMENT_3D('',#3454,#2787,#2788);
#2480=AXIS2_PLACEMENT_3D('',#3455,#2789,#2790);
#2481=AXIS2_PLACEMENT_3D('',#3457,#2791,#2792);
#2482=AXIS2_PLACEMENT_3D('',#3458,#2793,#2794);
#2483=AXIS2_PLACEMENT_3D('',#3459,#2795,#2796);
#2484=AXIS2_PLACEMENT_3D('',#3460,#2797,#2798);
#2485=AXIS2_PLACEMENT_3D('',#3461,#2799,#2800);
#2486=AXIS2_PLACEMENT_3D('',#3463,#2802,#2803);
#2487=AXIS2_PLACEMENT_3D('',#3465,#2805,#2806);
#2488=AXIS2_PLACEMENT_3D('',#3466,#2807,#2808);
#2489=AXIS2_PLACEMENT_3D('',#3467,#2809,#2810);
#2490=AXIS2_PLACEMENT_3D('',#3480,#2811,#2812);
#2491=AXIS2_PLACEMENT_3D('',#3517,#2813,#2814);
#2492=AXIS2_PLACEMENT_3D('',#3564,#2815,#2816);
#2493=AXIS2_PLACEMENT_3D('',#3609,#2818,#2819);
#2494=AXIS2_PLACEMENT_3D('',#3652,#2821,#2822);
#2495=AXIS2_PLACEMENT_3D('',#3682,#2823,#2824);
#2496=AXIS2_PLACEMENT_3D('',#3718,#2825,#2826);
#2497=AXIS2_PLACEMENT_3D('',#3735,#2828,#2829);
#2498=AXIS2_PLACEMENT_3D('',#3780,#2831,#2832);
#2499=AXIS2_PLACEMENT_3D('',#3814,#2833,#2834);
#2500=AXIS2_PLACEMENT_3D('',#3817,#2837,#2838);
#2501=AXIS2_PLACEMENT_3D('',#3820,#2841,#2842);
#2502=AXIS2_PLACEMENT_3D('',#3821,#2843,#2844);
#2503=AXIS2_PLACEMENT_3D('',#3823,#2845,#2846);
#2504=AXIS2_PLACEMENT_3D('',#3824,#2847,#2848);
#2505=AXIS2_PLACEMENT_3D('',#3827,#2851,#2852);
#2506=AXIS2_PLACEMENT_3D('',#3828,#2853,#2854);
#2507=AXIS2_PLACEMENT_3D('',#3830,#2855,#2856);
#2508=AXIS2_PLACEMENT_3D('',#3831,#2857,#2858);
#2509=AXIS2_PLACEMENT_3D('',#3834,#2861,#2862);
#2510=AXIS2_PLACEMENT_3D('',#3837,#2865,#2866);
#2511=AXIS2_PLACEMENT_3D('',#3880,#2877,#2878);
#2512=AXIS2_PLACEMENT_3D('',#3881,#2879,#2880);
#2513=AXIS2_PLACEMENT_3D('',#3882,#2881,#2882);
#2514=AXIS2_PLACEMENT_3D('',#3883,#2883,#2884);
#2515=AXIS2_PLACEMENT_3D('',#3884,#2885,#2886);
#2516=AXIS2_PLACEMENT_3D('',#3885,#2887,#2888);
#2517=AXIS2_PLACEMENT_3D('',#3886,#2889,#2890);
#2518=AXIS2_PLACEMENT_3D('',#3887,#2891,#2892);
#2519=AXIS2_PLACEMENT_3D('',#3888,#2893,#2894);
#2520=AXIS2_PLACEMENT_3D('',#3889,#2895,#2896);
#2521=AXIS2_PLACEMENT_3D('',#3890,#2897,#2898);
#2522=AXIS2_PLACEMENT_3D('',#3891,#2899,#2900);
#2523=AXIS2_PLACEMENT_3D('',#3892,#2901,#2902);
#2524=AXIS2_PLACEMENT_3D('',#3894,#2903,#2904);
#2525=AXIS2_PLACEMENT_3D('',#3908,#2907,#2908);
#2526=AXIS2_PLACEMENT_3D('',#3912,#2911,#2912);
#2527=AXIS2_PLACEMENT_3D('',#3913,#2913,#2914);
#2528=AXIS2_PLACEMENT_3D('',#3914,#2915,#2916);
#2529=AXIS2_PLACEMENT_3D('',#3915,#2917,#2918);
#2530=AXIS2_PLACEMENT_3D('',#3916,#2919,#2920);
#2531=AXIS2_PLACEMENT_3D('',#3917,#2921,#2922);
#2532=AXIS2_PLACEMENT_3D('',#3918,#2923,#2924);
#2533=AXIS2_PLACEMENT_3D('',#3919,#2925,#2926);
#2534=AXIS2_PLACEMENT_3D('',#3923,#2928,#2929);
#2535=AXIS2_PLACEMENT_3D('',#3927,#2931,#2932);
#2536=AXIS2_PLACEMENT_3D('',#3931,#2934,#2935);
#2537=AXIS2_PLACEMENT_3D('',#3932,#2936,#2937);
#2538=AXIS2_PLACEMENT_3D('',#3936,#2939,#2940);
#2539=AXIS2_PLACEMENT_3D('',#3940,#2942,#2943);
#2540=AXIS2_PLACEMENT_3D('',#3953,#2950,#2951);
#2541=AXIS2_PLACEMENT_3D('',#3962,#2956,#2957);
#2542=AXIS2_PLACEMENT_3D('',#3980,#2966,#2967);
#2543=AXIS2_PLACEMENT_3D('',#3981,#2968,#2969);
#2544=AXIS2_PLACEMENT_3D('',#3988,#2973,#2974);
#2545=AXIS2_PLACEMENT_3D('',#4000,#2980,#2981);
#2546=AXIS2_PLACEMENT_3D('',#4001,#2982,#2983);
#2547=AXIS2_PLACEMENT_3D('',#4005,#2985,#2986);
#2548=AXIS2_PLACEMENT_3D('',#4009,#2988,#2989);
#2549=AXIS2_PLACEMENT_3D('',#4010,#2990,#2991);
#2550=AXIS2_PLACEMENT_3D('',#4013,#2994,#2995);
#2551=AXIS2_PLACEMENT_3D('',#4016,#2998,#2999);
#2552=AXIS2_PLACEMENT_3D('',#4017,#3000,#3001);
#2553=AXIS2_PLACEMENT_3D('',#4022,#3003,#3004);
#2554=AXIS2_PLACEMENT_3D('',#4025,#3006,#3007);
#2555=AXIS2_PLACEMENT_3D('',#4050,#3008,#3009);
#2556=AXIS2_PLACEMENT_3D('',#4061,#3010,#3011);
#2557=AXIS2_PLACEMENT_3D('',#4071,#3012,#3013);
#2558=AXIS2_PLACEMENT_3D('',#4079,#3014,#3015);
#2559=AXIS2_PLACEMENT_3D('',#4090,#3016,#3017);
#2560=AXIS2_PLACEMENT_3D('',#4100,#3018,#3019);
#2561=AXIS2_PLACEMENT_3D('',#4109,#3020,#3021);
#2562=AXIS2_PLACEMENT_3D('',#4119,#3022,#3023);
#2563=AXIS2_PLACEMENT_3D('',#4129,#3024,#3025);
#2564=AXIS2_PLACEMENT_3D('',#4164,#3027,#3028);
#2565=AXIS2_PLACEMENT_3D('',#4191,#3031,#3032);
#2566=AXIS2_PLACEMENT_3D('',#4202,#3034,#3035);
#2567=AXIS2_PLACEMENT_3D('',#4213,#3036,#3037);
#2568=AXIS2_PLACEMENT_3D('',#4223,#3038,#3039);
#2569=AXIS2_PLACEMENT_3D('',#4232,#3040,#3041);
#2570=AXIS2_PLACEMENT_3D('',#4257,#3042,#3043);
#2571=AXIS2_PLACEMENT_3D('',#4270,#3044,#3045);
#2572=AXIS2_PLACEMENT_3D('',#4280,#3046,#3047);
#2573=AXIS2_PLACEMENT_3D('',#4289,#3048,#3049);
#2574=AXIS2_PLACEMENT_3D('',#4300,#3050,#3051);
#2575=AXIS2_PLACEMENT_3D('',#4310,#3052,#3053);
#2576=AXIS2_PLACEMENT_3D('',#4321,#3054,#3055);
#2577=AXIS2_PLACEMENT_3D('',#4356,#3064,#3065);
#2578=AXIS2_PLACEMENT_3D('',#4365,#3066,#3067);
#2579=AXIS2_PLACEMENT_3D('',#4378,#3068,#3069);
#2580=AXIS2_PLACEMENT_3D('',#4388,#3070,#3071);
#2581=AXIS2_PLACEMENT_3D('',#4397,#3072,#3073);
#2582=AXIS2_PLACEMENT_3D('',#4410,#3074,#3075);
#2583=AXIS2_PLACEMENT_3D('',#4420,#3076,#3077);
#2584=AXIS2_PLACEMENT_3D('',#4429,#3078,#3079);
#2585=AXIS2_PLACEMENT_3D('',#4430,#3080,#3081);
#2586=AXIS2_PLACEMENT_3D('',#4432,#3082,#3083);
#2587=AXIS2_PLACEMENT_3D('',#4433,#3084,#3085);
#2588=AXIS2_PLACEMENT_3D('',#4436,#3088,#3089);
#2589=AXIS2_PLACEMENT_3D('',#4437,#3090,#3091);
#2590=AXIS2_PLACEMENT_3D('',#4439,#3092,#3093);
#2591=AXIS2_PLACEMENT_3D('',#4440,#3094,#3095);
#2592=AXIS2_PLACEMENT_3D('',#4443,#3098,#3099);
#2593=AXIS2_PLACEMENT_3D('',#4444,#3100,#3101);
#2594=AXIS2_PLACEMENT_3D('',#4454,#3105,#3106);
#2595=AXIS2_PLACEMENT_3D('',#4456,#3107,#3108);
#2596=AXIS2_PLACEMENT_3D('',#4463,#3110,#3111);
#2597=AXIS2_PLACEMENT_3D('',#4468,#3116,#3117);
#2598=AXIS2_PLACEMENT_3D('',#4469,#3118,#3119);
#2599=AXIS2_PLACEMENT_3D('',#4471,#3120,#3121);
#2600=AXIS2_PLACEMENT_3D('',#4472,#3122,#3123);
#2601=AXIS2_PLACEMENT_3D('',#4473,#3124,#3125);
#2602=AXIS2_PLACEMENT_3D('',#4475,#3126,#3127);
#2603=AXIS2_PLACEMENT_3D('',#4476,#3128,#3129);
#2604=AXIS2_PLACEMENT_3D('',#4477,#3130,#3131);
#2605=AXIS2_PLACEMENT_3D('',#4480,#3134,#3135);
#2606=AXIS2_PLACEMENT_3D('',#4483,#3138,#3139);
#2607=AXIS2_PLACEMENT_3D('',#4486,#3142,#3143);
#2608=AXIS2_PLACEMENT_3D('',#4489,#3146,#3147);
#2609=AXIS2_PLACEMENT_3D('',#4492,#3150,#3151);
#2610=AXIS2_PLACEMENT_3D('',#4495,#3154,#3155);
#2611=AXIS2_PLACEMENT_3D('',#4498,#3158,#3159);
#2612=AXIS2_PLACEMENT_3D('',#4501,#3162,#3163);
#2613=AXIS2_PLACEMENT_3D('',#4504,#3166,#3167);
#2614=AXIS2_PLACEMENT_3D('',#4507,#3170,#3171);
#2615=AXIS2_PLACEMENT_3D('',#4510,#3174,#3175);
#2616=AXIS2_PLACEMENT_3D('',#4513,#3178,#3179);
#2617=AXIS2_PLACEMENT_3D('',#4514,#3180,#3181);
#2618=AXIS2_PLACEMENT_3D('',#4515,#3182,#3183);
#2619=AXIS2_PLACEMENT_3D('',#4516,#3184,#3185);
#2620=AXIS2_PLACEMENT_3D('',#4517,#3186,#3187);
#2621=AXIS2_PLACEMENT_3D('',#4518,#3188,#3189);
#2622=AXIS2_PLACEMENT_3D('',#4519,#3190,#3191);
#2623=AXIS2_PLACEMENT_3D('',#4520,#3192,#3193);
#2624=AXIS2_PLACEMENT_3D('',#4521,#3194,#3195);
#2625=AXIS2_PLACEMENT_3D('',#4522,#3196,#3197);
#2626=AXIS2_PLACEMENT_3D('',#4523,#3198,#3199);
#2627=AXIS2_PLACEMENT_3D('',#4524,#3200,#3201);
#2628=AXIS2_PLACEMENT_3D('',#4525,#3202,#3203);
#2629=AXIS2_PLACEMENT_3D('',#4528,#3206,#3207);
#2630=AXIS2_PLACEMENT_3D('',#4531,#3210,#3211);
#2631=AXIS2_PLACEMENT_3D('',#4532,#3212,#3213);
#2632=AXIS2_PLACEMENT_3D('',#4533,#3214,#3215);
#2633=AXIS2_PLACEMENT_3D('',#4535,#3217,#3218);
#2634=AXIS2_PLACEMENT_3D('',#4536,#3219,#3220);
#2635=AXIS2_PLACEMENT_3D('',#4537,#3221,#3222);
#2636=AXIS2_PLACEMENT_3D('',#4538,#3223,#3224);
#2637=AXIS2_PLACEMENT_3D('',#4540,#3226,#3227);
#2638=AXIS2_PLACEMENT_3D('',#4541,#3228,#3229);
#2639=AXIS2_PLACEMENT_3D('',#4542,#3230,#3231);
#2640=AXIS2_PLACEMENT_3D('',#4543,#3232,#3233);
#2641=AXIS2_PLACEMENT_3D('',#4544,#3234,#3235);
#2642=AXIS2_PLACEMENT_3D('',#4545,#3236,#3237);
#2643=AXIS2_PLACEMENT_3D('',#4546,#3238,#3239);
#2644=AXIS2_PLACEMENT_3D('',#4547,#3240,#3241);
#2645=AXIS2_PLACEMENT_3D('',#4549,#3243,#3244);
#2646=AXIS2_PLACEMENT_3D('',#4551,#3246,#3247);
#2647=DIRECTION('',(0.,0.,1.));
#2648=DIRECTION('',(1.,0.,0.));
#2649=DIRECTION('',(0.,1.,0.));
#2650=DIRECTION('',(0.,0.,1.));
#2651=DIRECTION('',(0.,-1.,0.));
#2652=DIRECTION('',(0.,0.,-1.));
#2653=DIRECTION('',(0.,-1.,0.));
#2654=DIRECTION('',(0.,0.,-1.));
#2655=DIRECTION('',(0.,-1.,0.));
#2656=DIRECTION('',(1.,0.,0.));
#2657=DIRECTION('',(0.,-1.,0.));
#2658=DIRECTION('',(1.,0.,0.));
#2659=DIRECTION('',(0.,0.,1.));
#2660=DIRECTION('',(1.,0.,0.));
#2661=DIRECTION('',(0.,-1.,0.));
#2662=DIRECTION('',(0.,0.,1.));
#2663=DIRECTION('',(0.,-1.,0.));
#2664=DIRECTION('',(0.,0.,-1.));
#2665=DIRECTION('',(0.,-1.,0.));
#2666=DIRECTION('',(0.,0.,-1.));
#2667=DIRECTION('',(0.,1.,0.));
#2668=DIRECTION('',(1.,0.,0.));
#2669=DIRECTION('',(0.,1.,0.));
#2670=DIRECTION('',(1.,0.,0.));
#2671=DIRECTION('',(0.,0.,1.));
#2672=DIRECTION('',(1.,0.,0.));
#2673=DIRECTION('',(1.,0.,0.));
#2674=DIRECTION('',(0.,0.,1.));
#2675=DIRECTION('',(1.,0.,0.));
#2676=DIRECTION('',(0.,0.,-1.));
#2677=DIRECTION('',(1.,0.,0.));
#2678=DIRECTION('',(0.,0.,-1.));
#2679=DIRECTION('',(1.,0.,0.));
#2680=DIRECTION('',(1.,0.,0.));
#2681=DIRECTION('',(-1.,0.,0.));
#2682=DIRECTION('',(0.,1.,0.));
#2683=DIRECTION('',(0.,1.,0.));
#2684=DIRECTION('',(0.,1.,0.));
#2685=DIRECTION('',(-1.,0.,0.));
#2686=DIRECTION('',(0.,1.,0.));
#2687=DIRECTION('',(0.,0.,1.));
#2688=DIRECTION('',(1.,0.,0.));
#2689=DIRECTION('',(0.,0.,1.));
#2690=DIRECTION('',(1.,0.,0.));
#2691=DIRECTION('',(0.,0.,1.));
#2692=DIRECTION('',(1.,0.,0.));
#2693=DIRECTION('',(0.,0.,1.));
#2694=DIRECTION('',(1.,0.,0.));
#2695=DIRECTION('',(0.,0.,1.));
#2696=DIRECTION('',(1.,0.,0.));
#2697=DIRECTION('',(0.,0.,1.));
#2698=DIRECTION('',(1.,0.,0.));
#2699=DIRECTION('',(0.,0.,1.));
#2700=DIRECTION('',(1.,0.,0.));
#2701=DIRECTION('',(0.,-1.,0.));
#2702=DIRECTION('',(-1.,0.,0.));
#2703=DIRECTION('',(0.,1.,0.));
#2704=DIRECTION('',(-1.,0.,0.));
#2705=DIRECTION('',(0.,1.,0.));
#2706=DIRECTION('',(-1.,0.,0.));
#2707=DIRECTION('',(0.,1.,0.));
#2708=DIRECTION('',(-1.,0.,0.));
#2709=DIRECTION('',(0.,0.,1.));
#2710=DIRECTION('',(1.,0.,0.));
#2711=DIRECTION('',(0.,1.,0.));
#2712=DIRECTION('',(-1.,0.,0.));
#2713=DIRECTION('',(0.,1.,0.));
#2714=DIRECTION('',(-1.,0.,0.));
#2715=DIRECTION('',(-1.,0.,0.));
#2716=DIRECTION('',(0.,-1.,0.));
#2717=DIRECTION('',(-1.,0.,0.));
#2718=DIRECTION('',(0.,-1.,0.));
#2719=DIRECTION('',(0.,0.,-1.));
#2720=DIRECTION('',(-1.,0.,0.));
#2721=DIRECTION('',(0.,0.,1.));
#2722=DIRECTION('',(1.,0.,0.));
#2723=DIRECTION('',(0.,0.,1.));
#2724=DIRECTION('',(1.,0.,0.));
#2725=DIRECTION('',(0.,0.,-1.));
#2726=DIRECTION('',(-1.,0.,0.));
#2727=DIRECTION('',(0.,0.,1.));
#2728=DIRECTION('',(1.,0.,0.));
#2729=DIRECTION('',(0.,1.38777878078145E-16,-1.));
#2730=DIRECTION('',(0.,1.,1.38777878078145E-16));
#2731=DIRECTION('',(0.,0.,-1.));
#2732=DIRECTION('',(0.,0.,1.));
#2733=DIRECTION('',(1.,0.,0.));
#2734=DIRECTION('',(0.,0.,-1.));
#2735=DIRECTION('',(0.,0.,1.));
#2736=DIRECTION('',(1.,0.,0.));
#2737=DIRECTION('',(0.,0.,1.));
#2738=DIRECTION('',(1.,0.,0.));
#2739=DIRECTION('',(0.,-1.,-1.38777878078145E-16));
#2740=DIRECTION('',(-1.,0.,0.));
#2741=DIRECTION('',(0.,0.,1.));
#2742=DIRECTION('',(1.,0.,0.));
#2743=DIRECTION('',(-1.,0.,0.));
#2744=DIRECTION('',(0.,1.,0.));
#2745=DIRECTION('',(-1.,0.,0.));
#2746=DIRECTION('',(0.,1.,0.));
#2747=DIRECTION('',(0.,-1.,0.));
#2748=DIRECTION('',(0.,0.,-1.));
#2749=DIRECTION('',(0.,0.,1.));
#2750=DIRECTION('',(-1.,0.,0.));
#2751=DIRECTION('',(0.,0.,1.));
#2752=DIRECTION('',(0.,0.,1.));
#2753=DIRECTION('',(0.,0.,1.));
#2754=DIRECTION('',(0.,1.38777878078145E-16,-1.));
#2755=DIRECTION('',(0.,1.,1.38777878078145E-16));
#2756=DIRECTION('',(0.,1.38777878078145E-16,-1.));
#2757=DIRECTION('',(0.,1.,1.38777878078145E-16));
#2758=DIRECTION('',(0.,-1.,-1.38777878078145E-16));
#2759=DIRECTION('',(0.,1.,0.));
#2760=DIRECTION('',(0.,0.,1.));
#2761=DIRECTION('',(0.,0.,-1.));
#2762=DIRECTION('',(0.,0.,-1.));
#2763=DIRECTION('',(0.,0.,1.));
#2764=DIRECTION('',(0.,0.,-1.));
#2765=DIRECTION('',(1.,0.,0.));
#2766=DIRECTION('',(0.,1.,0.));
#2767=DIRECTION('',(1.,0.,0.));
#2768=DIRECTION('',(0.,0.,-1.));
#2769=DIRECTION('',(1.,0.,0.));
#2770=DIRECTION('',(0.,1.,0.));
#2771=DIRECTION('',(1.,0.,0.));
#2772=DIRECTION('',(0.,0.,-1.));
#2773=DIRECTION('',(1.,0.,0.));
#2774=DIRECTION('',(0.,1.,0.));
#2775=DIRECTION('',(0.,0.,-1.));
#2776=DIRECTION('',(0.,0.,-1.));
#2777=DIRECTION('',(1.,0.,0.));
#2778=DIRECTION('',(0.,1.,0.));
#2779=DIRECTION('',(1.,0.,0.));
#2780=DIRECTION('',(0.,0.,-1.));
#2781=DIRECTION('',(1.,0.,0.));
#2782=DIRECTION('',(0.,1.,0.));
#2783=DIRECTION('',(1.,0.,0.));
#2784=DIRECTION('',(0.,0.,-1.));
#2785=DIRECTION('',(-1.,0.,0.));
#2786=DIRECTION('',(0.,0.,1.));
#2787=DIRECTION('',(-1.,0.,0.));
#2788=DIRECTION('',(0.,0.,1.));
#2789=DIRECTION('',(-1.,0.,0.));
#2790=DIRECTION('',(0.,0.,-1.));
#2791=DIRECTION('',(1.,0.,0.));
#2792=DIRECTION('',(0.,1.,0.));
#2793=DIRECTION('',(0.,1.38777878078145E-16,-1.));
#2794=DIRECTION('',(0.,1.,1.38777878078145E-16));
#2795=DIRECTION('',(1.,0.,0.));
#2796=DIRECTION('',(0.,0.,-1.));
#2797=DIRECTION('',(1.,0.,0.));
#2798=DIRECTION('',(0.,0.,-1.));
#2799=DIRECTION('',(0.,1.,0.));
#2800=DIRECTION('',(0.,0.,1.));
#2801=DIRECTION('',(0.,0.,-1.));
#2802=DIRECTION('',(0.,1.,0.));
#2803=DIRECTION('',(0.,0.,1.));
#2804=DIRECTION('',(0.,0.,-1.));
#2805=DIRECTION('',(-1.,0.,0.));
#2806=DIRECTION('',(0.,0.,1.));
#2807=DIRECTION('',(0.,0.,1.));
#2808=DIRECTION('',(1.,0.,0.));
#2809=DIRECTION('',(0.,0.,-1.));
#2810=DIRECTION('',(-1.,0.,0.));
#2811=DIRECTION('',(0.,0.,1.));
#2812=DIRECTION('',(1.,0.,0.));
#2813=DIRECTION('',(0.,0.,1.));
#2814=DIRECTION('',(1.,0.,0.));
#2815=DIRECTION('',(0.,0.,1.));
#2816=DIRECTION('',(1.,0.,0.));
#2817=DIRECTION('',(0.,0.,-1.));
#2818=DIRECTION('',(0.,0.,1.));
#2819=DIRECTION('',(1.,0.,0.));
#2820=DIRECTION('',(0.,0.,-1.));
#2821=DIRECTION('',(0.,0.,-1.));
#2822=DIRECTION('',(-1.,0.,0.));
#2823=DIRECTION('',(0.,0.,1.));
#2824=DIRECTION('',(1.,0.,0.));
#2825=DIRECTION('',(0.,0.,1.));
#2826=DIRECTION('',(1.,0.,0.));
#2827=DIRECTION('',(0.,0.,-1.));
#2828=DIRECTION('',(0.,0.,1.));
#2829=DIRECTION('',(1.,0.,0.));
#2830=DIRECTION('',(0.,0.,-1.));
#2831=DIRECTION('',(0.,0.,1.));
#2832=DIRECTION('',(1.,0.,0.));
#2833=DIRECTION('',(0.,0.,1.));
#2834=DIRECTION('',(1.,0.,0.));
#2835=DIRECTION('',(1.,0.,0.));
#2836=DIRECTION('',(1.,0.,0.));
#2837=DIRECTION('',(0.,0.,1.));
#2838=DIRECTION('',(1.,0.,0.));
#2839=DIRECTION('',(1.,0.,0.));
#2840=DIRECTION('',(1.,0.,0.));
#2841=DIRECTION('',(0.,1.,0.));
#2842=DIRECTION('',(1.,0.,0.));
#2843=DIRECTION('',(0.,-1.,0.));
#2844=DIRECTION('',(0.,0.,-1.));
#2845=DIRECTION('',(0.,-1.,0.));
#2846=DIRECTION('',(0.,0.,1.));
#2847=DIRECTION('',(0.,0.,1.));
#2848=DIRECTION('',(1.,0.,0.));
#2849=DIRECTION('',(1.,0.,0.));
#2850=DIRECTION('',(1.,0.,0.));
#2851=DIRECTION('',(0.,1.,0.));
#2852=DIRECTION('',(0.,0.,1.));
#2853=DIRECTION('',(0.,-1.,0.));
#2854=DIRECTION('',(0.,0.,-1.));
#2855=DIRECTION('',(0.,-1.,0.));
#2856=DIRECTION('',(1.,0.,0.));
#2857=DIRECTION('',(0.,1.,0.));
#2858=DIRECTION('',(0.,0.,1.));
#2859=DIRECTION('',(1.,0.,0.));
#2860=DIRECTION('',(1.,0.,0.));
#2861=DIRECTION('',(0.,-1.,0.));
#2862=DIRECTION('',(0.,0.,-1.));
#2863=DIRECTION('',(-1.,0.,0.));
#2864=DIRECTION('',(-1.,0.,0.));
#2865=DIRECTION('',(0.,0.,1.));
#2866=DIRECTION('',(1.,0.,0.));
#2867=DIRECTION('',(1.,0.,0.));
#2868=DIRECTION('',(-1.,0.,0.));
#2869=DIRECTION('',(1.,0.,0.));
#2870=DIRECTION('',(1.,0.,0.));
#2871=DIRECTION('',(1.,0.,0.));
#2872=DIRECTION('',(1.,0.,0.));
#2873=DIRECTION('',(1.,0.,0.));
#2874=DIRECTION('',(1.,0.,0.));
#2875=DIRECTION('',(1.,0.,0.));
#2876=DIRECTION('',(1.,0.,0.));
#2877=DIRECTION('',(1.,0.,0.));
#2878=DIRECTION('',(0.,0.,-1.));
#2879=DIRECTION('',(1.,0.,0.));
#2880=DIRECTION('',(0.,0.,-1.));
#2881=DIRECTION('',(1.,0.,0.));
#2882=DIRECTION('',(0.,0.,-1.));
#2883=DIRECTION('',(1.,0.,0.));
#2884=DIRECTION('',(0.,0.,-1.));
#2885=DIRECTION('',(-1.,0.,0.));
#2886=DIRECTION('',(0.,0.,1.));
#2887=DIRECTION('',(1.,0.,0.));
#2888=DIRECTION('',(0.,0.,-1.));
#2889=DIRECTION('',(1.,0.,0.));
#2890=DIRECTION('',(0.,0.,-1.));
#2891=DIRECTION('',(1.,0.,0.));
#2892=DIRECTION('',(0.,0.,-1.));
#2893=DIRECTION('',(-1.,0.,0.));
#2894=DIRECTION('',(0.,0.,1.));
#2895=DIRECTION('',(1.,0.,0.));
#2896=DIRECTION('',(0.,0.,-1.));
#2897=DIRECTION('',(0.,0.,1.));
#2898=DIRECTION('',(1.,0.,0.));
#2899=DIRECTION('',(-1.,0.,0.));
#2900=DIRECTION('',(0.,0.,1.));
#2901=DIRECTION('',(1.,0.,0.));
#2902=DIRECTION('',(0.,0.,-1.));
#2903=DIRECTION('',(1.,0.,0.));
#2904=DIRECTION('',(0.,0.,-1.));
#2905=DIRECTION('',(-1.,0.,0.));
#2906=DIRECTION('',(-1.,0.,0.));
#2907=DIRECTION('',(1.,0.,0.));
#2908=DIRECTION('',(0.,1.,0.));
#2909=DIRECTION('',(0.,-1.,0.));
#2910=DIRECTION('',(0.,-1.,0.));
#2911=DIRECTION('',(1.,0.,0.));
#2912=DIRECTION('',(0.,1.,0.));
#2913=DIRECTION('',(0.,0.,1.));
#2914=DIRECTION('',(1.,0.,0.));
#2915=DIRECTION('',(0.,0.,1.));
#2916=DIRECTION('',(1.,0.,0.));
#2917=DIRECTION('',(0.,0.,1.));
#2918=DIRECTION('',(1.,0.,0.));
#2919=DIRECTION('',(0.,0.,1.));
#2920=DIRECTION('',(1.,0.,0.));
#2921=DIRECTION('',(0.,0.,1.));
#2922=DIRECTION('',(1.,0.,0.));
#2923=DIRECTION('',(0.,0.,1.));
#2924=DIRECTION('',(1.,0.,0.));
#2925=DIRECTION('',(0.,0.,1.));
#2926=DIRECTION('',(1.,0.,0.));
#2927=DIRECTION('',(0.,-1.,0.));
#2928=DIRECTION('',(0.,0.,1.));
#2929=DIRECTION('',(1.,0.,0.));
#2930=DIRECTION('',(-1.,0.,0.));
#2931=DIRECTION('',(0.,0.,1.));
#2932=DIRECTION('',(1.,0.,0.));
#2933=DIRECTION('',(-1.,0.,0.));
#2934=DIRECTION('',(0.,0.,1.));
#2935=DIRECTION('',(1.,0.,0.));
#2936=DIRECTION('',(0.,0.,-1.));
#2937=DIRECTION('',(-1.,0.,0.));
#2938=DIRECTION('',(1.,0.,0.));
#2939=DIRECTION('',(0.,0.,-1.));
#2940=DIRECTION('',(-1.,0.,0.));
#2941=DIRECTION('',(0.,-1.,0.));
#2942=DIRECTION('',(0.,0.,-1.));
#2943=DIRECTION('',(-1.,0.,0.));
#2944=DIRECTION('',(1.,0.,0.));
#2945=DIRECTION('',(0.,-1.,0.));
#2946=DIRECTION('',(1.,0.,0.));
#2947=DIRECTION('',(0.,-1.,0.));
#2948=DIRECTION('',(1.,0.,0.));
#2949=DIRECTION('',(0.,-1.,0.));
#2950=DIRECTION('',(-1.,0.,0.));
#2951=DIRECTION('',(0.,0.,1.));
#2952=DIRECTION('',(0.,-1.,0.));
#2953=DIRECTION('',(0.,0.,-1.));
#2954=DIRECTION('',(0.,-1.,0.));
#2955=DIRECTION('',(0.,0.,-1.));
#2956=DIRECTION('',(0.,0.,-1.));
#2957=DIRECTION('',(-1.,0.,0.));
#2958=DIRECTION('',(0.,1.,0.));
#2959=DIRECTION('',(1.,0.,0.));
#2960=DIRECTION('',(0.,-1.,0.));
#2961=DIRECTION('',(1.,0.,0.));
#2962=DIRECTION('',(0.,-1.,0.));
#2963=DIRECTION('',(1.,0.,0.));
#2964=DIRECTION('',(0.,-1.,0.));
#2965=DIRECTION('',(1.,0.,0.));
#2966=DIRECTION('',(0.,0.,-1.));
#2967=DIRECTION('',(-1.,0.,0.));
#2968=DIRECTION('',(0.,0.,-1.));
#2969=DIRECTION('',(-1.,0.,0.));
#2970=DIRECTION('',(1.,0.,0.));
#2971=DIRECTION('',(0.,1.,0.));
#2972=DIRECTION('',(1.,0.,0.));
#2973=DIRECTION('',(0.,0.,-1.));
#2974=DIRECTION('',(-1.,0.,0.));
#2975=DIRECTION('',(1.,0.,0.));
#2976=DIRECTION('',(0.,1.,0.));
#2977=DIRECTION('',(1.,0.,0.));
#2978=DIRECTION('',(0.,1.,0.));
#2979=DIRECTION('',(1.,0.,0.));
#2980=DIRECTION('',(0.,0.,-1.));
#2981=DIRECTION('',(-1.,0.,0.));
#2982=DIRECTION('',(0.,0.,-1.));
#2983=DIRECTION('',(-1.,0.,0.));
#2984=DIRECTION('',(1.,0.,0.));
#2985=DIRECTION('',(0.,0.,-1.));
#2986=DIRECTION('',(-1.,0.,0.));
#2987=DIRECTION('',(0.,-1.,0.));
#2988=DIRECTION('',(0.,0.,-1.));
#2989=DIRECTION('',(-1.,0.,0.));
#2990=DIRECTION('',(0.,1.,0.));
#2991=DIRECTION('',(0.,0.,1.));
#2992=DIRECTION('',(0.,0.,-1.));
#2993=DIRECTION('',(0.,0.,-1.));
#2994=DIRECTION('',(0.,1.,0.));
#2995=DIRECTION('',(0.,0.,1.));
#2996=DIRECTION('',(0.,0.,-1.));
#2997=DIRECTION('',(0.,0.,-1.));
#2998=DIRECTION('',(0.,0.,1.));
#2999=DIRECTION('',(1.,0.,0.));
#3000=DIRECTION('',(0.,0.,1.));
#3001=DIRECTION('',(1.,0.,0.));
#3002=DIRECTION('',(-1.,0.,0.));
#3003=DIRECTION('',(0.,0.,1.));
#3004=DIRECTION('',(1.,0.,0.));
#3005=DIRECTION('',(-1.,0.,0.));
#3006=DIRECTION('',(0.,0.,-1.));
#3007=DIRECTION('',(-1.,0.,0.));
#3008=DIRECTION('',(0.,-0.923076923076923,-0.384615384615385));
#3009=DIRECTION('',(0.,0.384615384615385,-0.923076923076923));
#3010=DIRECTION('',(0.,0.,1.));
#3011=DIRECTION('',(1.,0.,0.));
#3012=DIRECTION('',(0.,0.923076923076923,-0.384615384615385));
#3013=DIRECTION('',(0.,-0.384615384615385,-0.923076923076923));
#3014=DIRECTION('',(0.,-0.923076923076923,0.384615384615385));
#3015=DIRECTION('',(0.,-0.384615384615385,-0.923076923076923));
#3016=DIRECTION('',(0.,0.923076923076923,0.384615384615385));
#3017=DIRECTION('',(0.,0.384615384615385,-0.923076923076923));
#3018=DIRECTION('',(0.,0.,-1.));
#3019=DIRECTION('',(-1.,0.,0.));
#3020=DIRECTION('',(0.,0.923076923076923,0.384615384615385));
#3021=DIRECTION('',(0.,0.384615384615385,-0.923076923076923));
#3022=DIRECTION('',(0.,-0.923076923076923,0.384615384615385));
#3023=DIRECTION('',(0.,-0.384615384615385,-0.923076923076923));
#3024=DIRECTION('',(0.,0.,-1.));
#3025=DIRECTION('',(-1.,0.,0.));
#3026=DIRECTION('',(0.,0.,-1.));
#3027=DIRECTION('',(0.,0.,1.));
#3028=DIRECTION('',(1.,0.,0.));
#3029=DIRECTION('',(0.,0.,-1.));
#3030=DIRECTION('',(0.,0.,1.));
#3031=DIRECTION('',(0.,0.,1.));
#3032=DIRECTION('',(1.,0.,0.));
#3033=DIRECTION('',(0.,0.,1.));
#3034=DIRECTION('',(0.,-0.923076923076923,-0.384615384615385));
#3035=DIRECTION('',(0.,0.384615384615385,-0.923076923076923));
#3036=DIRECTION('',(0.,0.923076923076923,-0.384615384615385));
#3037=DIRECTION('',(0.,-0.384615384615385,-0.923076923076923));
#3038=DIRECTION('',(0.,0.,1.));
#3039=DIRECTION('',(1.,0.,0.));
#3040=DIRECTION('',(0.,0.,-1.));
#3041=DIRECTION('',(-1.,0.,0.));
#3042=DIRECTION('',(0.,0.,-1.));
#3043=DIRECTION('',(-1.,0.,0.));
#3044=DIRECTION('',(0.,0.923076923076923,0.384615384615385));
#3045=DIRECTION('',(0.,0.384615384615385,-0.923076923076923));
#3046=DIRECTION('',(0.,-0.923076923076923,0.384615384615385));
#3047=DIRECTION('',(0.,-0.384615384615385,-0.923076923076923));
#3048=DIRECTION('',(0.,0.,-1.));
#3049=DIRECTION('',(-1.,0.,0.));
#3050=DIRECTION('',(0.,-0.923076923076923,0.384615384615385));
#3051=DIRECTION('',(0.,-0.384615384615385,-0.923076923076923));
#3052=DIRECTION('',(0.,0.923076923076923,0.384615384615385));
#3053=DIRECTION('',(0.,0.384615384615385,-0.923076923076923));
#3054=DIRECTION('',(0.,0.,1.));
#3055=DIRECTION('',(1.,0.,0.));
#3056=DIRECTION('',(0.,0.,-1.));
#3057=DIRECTION('',(0.,0.,-1.));
#3058=DIRECTION('',(0.,0.,-1.));
#3059=DIRECTION('',(0.,0.,-1.));
#3060=DIRECTION('',(0.,0.,-1.));
#3061=DIRECTION('',(0.,0.,-1.));
#3062=DIRECTION('',(0.,0.,1.));
#3063=DIRECTION('',(0.,0.,1.));
#3064=DIRECTION('',(0.,0.,1.));
#3065=DIRECTION('',(1.,0.,0.));
#3066=DIRECTION('',(0.,0.923076923076923,-0.384615384615385));
#3067=DIRECTION('',(0.,-0.384615384615385,-0.923076923076923));
#3068=DIRECTION('',(0.,0.,1.));
#3069=DIRECTION('',(1.,0.,0.));
#3070=DIRECTION('',(0.,-0.923076923076923,-0.384615384615385));
#3071=DIRECTION('',(0.,0.384615384615385,-0.923076923076923));
#3072=DIRECTION('',(0.,0.,1.));
#3073=DIRECTION('',(1.,0.,0.));
#3074=DIRECTION('',(0.,0.923076923076923,-0.384615384615385));
#3075=DIRECTION('',(0.,-0.384615384615385,-0.923076923076923));
#3076=DIRECTION('',(0.,-0.923076923076923,-0.384615384615385));
#3077=DIRECTION('',(0.,0.384615384615385,-0.923076923076923));
#3078=DIRECTION('',(-1.,0.,0.));
#3079=DIRECTION('',(0.,1.,0.));
#3080=DIRECTION('',(1.,0.,0.));
#3081=DIRECTION('',(0.,0.,-1.));
#3082=DIRECTION('',(-1.,0.,0.));
#3083=DIRECTION('',(0.,0.,-1.));
#3084=DIRECTION('',(0.,0.,1.));
#3085=DIRECTION('',(1.,0.,0.));
#3086=DIRECTION('',(1.,0.,0.));
#3087=DIRECTION('',(1.,0.,0.));
#3088=DIRECTION('',(1.,0.,0.));
#3089=DIRECTION('',(0.,0.,-1.));
#3090=DIRECTION('',(1.,0.,0.));
#3091=DIRECTION('',(0.,0.,-1.));
#3092=DIRECTION('',(1.,0.,0.));
#3093=DIRECTION('',(0.,1.,0.));
#3094=DIRECTION('',(-1.,0.,0.));
#3095=DIRECTION('',(0.,0.,1.));
#3096=DIRECTION('',(0.,0.,-1.));
#3097=DIRECTION('',(0.,0.,-1.));
#3098=DIRECTION('',(0.,-1.,0.));
#3099=DIRECTION('',(1.,0.,0.));
#3100=DIRECTION('',(0.,-1.,0.));
#3101=DIRECTION('',(0.,0.,-1.));
#3102=DIRECTION('',(0.,0.,-1.));
#3103=DIRECTION('',(0.,0.,-1.));
#3104=DIRECTION('',(0.,0.,-1.));
#3105=DIRECTION('',(0.,-1.,0.));
#3106=DIRECTION('',(0.,0.,-1.));
#3107=DIRECTION('',(0.,-1.,0.));
#3108=DIRECTION('',(1.,0.,0.));
#3109=DIRECTION('',(0.,0.,-1.));
#3110=DIRECTION('',(0.,-1.,0.));
#3111=DIRECTION('',(1.,0.,0.));
#3112=DIRECTION('',(0.,0.,-1.));
#3113=DIRECTION('',(0.,0.,-1.));
#3114=DIRECTION('',(0.,0.,-1.));
#3115=DIRECTION('',(0.,0.,1.));
#3116=DIRECTION('',(0.,-1.,0.));
#3117=DIRECTION('',(0.,0.,-1.));
#3118=DIRECTION('',(0.,1.,0.));
#3119=DIRECTION('',(0.,0.,-1.));
#3120=DIRECTION('',(0.,-1.,0.));
#3121=DIRECTION('',(1.,0.,0.));
#3122=DIRECTION('',(0.,-1.,0.));
#3123=DIRECTION('',(0.,0.,-1.));
#3124=DIRECTION('',(0.,-1.,0.));
#3125=DIRECTION('',(0.,0.,-1.));
#3126=DIRECTION('',(0.,-1.,0.));
#3127=DIRECTION('',(1.,0.,0.));
#3128=DIRECTION('',(0.,0.,1.));
#3129=DIRECTION('',(1.,0.,0.));
#3130=DIRECTION('',(0.,-0.923076923076923,0.384615384615385));
#3131=DIRECTION('',(0.,-0.384615384615385,-0.923076923076923));
#3132=DIRECTION('',(1.,0.,0.));
#3133=DIRECTION('',(1.,0.,0.));
#3134=DIRECTION('',(0.,0.923076923076923,0.384615384615385));
#3135=DIRECTION('',(0.,-0.384615384615385,0.923076923076923));
#3136=DIRECTION('',(1.,0.,0.));
#3137=DIRECTION('',(1.,0.,0.));
#3138=DIRECTION('',(0.,0.,-1.));
#3139=DIRECTION('',(-1.,0.,0.));
#3140=DIRECTION('',(1.,0.,0.));
#3141=DIRECTION('',(1.,0.,0.));
#3142=DIRECTION('',(0.,0.,-1.));
#3143=DIRECTION('',(-1.,0.,0.));
#3144=DIRECTION('',(1.,0.,0.));
#3145=DIRECTION('',(1.,0.,0.));
#3146=DIRECTION('',(0.,0.923076923076923,0.384615384615385));
#3147=DIRECTION('',(0.,-0.384615384615385,0.923076923076923));
#3148=DIRECTION('',(1.,0.,0.));
#3149=DIRECTION('',(1.,0.,0.));
#3150=DIRECTION('',(0.,-0.923076923076923,0.384615384615385));
#3151=DIRECTION('',(0.,-0.384615384615385,-0.923076923076923));
#3152=DIRECTION('',(1.,0.,0.));
#3153=DIRECTION('',(1.,0.,0.));
#3154=DIRECTION('',(0.,0.,1.));
#3155=DIRECTION('',(1.,0.,0.));
#3156=DIRECTION('',(1.,0.,0.));
#3157=DIRECTION('',(1.,0.,0.));
#3158=DIRECTION('',(0.,0.923076923076923,-0.384615384615385));
#3159=DIRECTION('',(0.,0.384615384615385,0.923076923076923));
#3160=DIRECTION('',(1.,0.,0.));
#3161=DIRECTION('',(1.,0.,0.));
#3162=DIRECTION('',(0.,-0.923076923076923,-0.384615384615385));
#3163=DIRECTION('',(0.,0.384615384615385,-0.923076923076923));
#3164=DIRECTION('',(1.,0.,0.));
#3165=DIRECTION('',(1.,0.,0.));
#3166=DIRECTION('',(0.,-0.923076923076923,-0.384615384615385));
#3167=DIRECTION('',(0.,0.384615384615385,-0.923076923076923));
#3168=DIRECTION('',(1.,0.,0.));
#3169=DIRECTION('',(1.,0.,0.));
#3170=DIRECTION('',(0.,0.923076923076923,-0.384615384615385));
#3171=DIRECTION('',(0.,0.384615384615385,0.923076923076923));
#3172=DIRECTION('',(1.,0.,0.));
#3173=DIRECTION('',(1.,0.,0.));
#3174=DIRECTION('',(0.,0.,1.));
#3175=DIRECTION('',(1.,0.,0.));
#3176=DIRECTION('',(1.,0.,0.));
#3177=DIRECTION('',(1.,0.,0.));
#3178=DIRECTION('',(-1.,0.,0.));
#3179=DIRECTION('',(0.,0.,1.));
#3180=DIRECTION('',(-1.,0.,0.));
#3181=DIRECTION('',(0.,0.,1.));
#3182=DIRECTION('',(-1.,0.,0.));
#3183=DIRECTION('',(0.,0.,1.));
#3184=DIRECTION('',(-1.,0.,0.));
#3185=DIRECTION('',(0.,0.,1.));
#3186=DIRECTION('',(-1.,0.,0.));
#3187=DIRECTION('',(0.,0.,1.));
#3188=DIRECTION('',(-1.,0.,0.));
#3189=DIRECTION('',(0.,0.,1.));
#3190=DIRECTION('',(-1.,0.,0.));
#3191=DIRECTION('',(0.,0.,1.));
#3192=DIRECTION('',(-1.,0.,0.));
#3193=DIRECTION('',(0.,0.,1.));
#3194=DIRECTION('',(-1.,0.,0.));
#3195=DIRECTION('',(0.,0.,1.));
#3196=DIRECTION('',(-1.,0.,0.));
#3197=DIRECTION('',(0.,0.,1.));
#3198=DIRECTION('',(-1.,0.,0.));
#3199=DIRECTION('',(0.,0.,1.));
#3200=DIRECTION('',(-1.,0.,0.));
#3201=DIRECTION('',(0.,0.,1.));
#3202=DIRECTION('',(0.,-1.,0.));
#3203=DIRECTION('',(0.,0.,-1.));
#3204=DIRECTION('',(1.,0.,0.));
#3205=DIRECTION('',(1.,0.,0.));
#3206=DIRECTION('',(0.,-1.,0.));
#3207=DIRECTION('',(0.,0.,-1.));
#3208=DIRECTION('',(1.,0.,0.));
#3209=DIRECTION('',(1.,0.,0.));
#3210=DIRECTION('',(-1.,0.,0.));
#3211=DIRECTION('',(0.,0.,1.));
#3212=DIRECTION('',(1.,0.,0.));
#3213=DIRECTION('',(0.,0.,-1.));
#3214=DIRECTION('',(-1.,0.,0.));
#3215=DIRECTION('',(0.,0.,1.));
#3216=DIRECTION('',(-1.,0.,0.));
#3217=DIRECTION('',(1.,0.,0.));
#3218=DIRECTION('',(0.,0.,-1.));
#3219=DIRECTION('',(1.,0.,0.));
#3220=DIRECTION('',(0.,0.,-1.));
#3221=DIRECTION('',(1.,0.,0.));
#3222=DIRECTION('',(0.,0.,-1.));
#3223=DIRECTION('',(0.,0.,1.));
#3224=DIRECTION('',(1.,0.,0.));
#3225=DIRECTION('',(0.,-1.,0.));
#3226=DIRECTION('',(1.,0.,0.));
#3227=DIRECTION('',(0.,0.,-1.));
#3228=DIRECTION('',(1.,0.,0.));
#3229=DIRECTION('',(0.,0.,-1.));
#3230=DIRECTION('',(0.,0.,-1.));
#3231=DIRECTION('',(-1.,0.,0.));
#3232=DIRECTION('',(0.,0.,-1.));
#3233=DIRECTION('',(-1.,0.,0.));
#3234=DIRECTION('',(0.,0.,-1.));
#3235=DIRECTION('',(-1.,0.,0.));
#3236=DIRECTION('',(0.,-1.,0.));
#3237=DIRECTION('',(0.,0.,-1.));
#3238=DIRECTION('',(0.,-1.,0.));
#3239=DIRECTION('',(0.,0.,-1.));
#3240=DIRECTION('',(-1.,0.,0.));
#3241=DIRECTION('',(0.,0.,1.));
#3242=DIRECTION('',(0.,0.,-1.));
#3243=DIRECTION('',(-1.,0.,0.));
#3244=DIRECTION('',(0.,0.,1.));
#3245=DIRECTION('',(0.,0.,-1.));
#3246=DIRECTION('',(0.,1.,0.));
#3247=DIRECTION('',(0.,0.,1.));
#3248=CARTESIAN_POINT('',(0.,0.,0.));
#3249=CARTESIAN_POINT('',(0.,-0.035,2.14313189850787E-19));
#3250=CARTESIAN_POINT('',(0.,-0.035,2.14313189850787E-19));
#3251=CARTESIAN_POINT('',(0.,-0.035,-0.0035));
#3252=CARTESIAN_POINT('',(0.,-0.021,2.14313189850787E-19));
#3253=CARTESIAN_POINT('',(0.,-0.021,-0.0035));
#3254=CARTESIAN_POINT('',(0.,-0.035,0.));
#3255=CARTESIAN_POINT('',(0.,-0.021,0.));
#3256=CARTESIAN_POINT('',(0.,0.,0.));
#3257=CARTESIAN_POINT('',(0.,0.035,2.14313189850787E-19));
#3258=CARTESIAN_POINT('',(0.,0.035,2.14313189850787E-19));
#3259=CARTESIAN_POINT('',(0.,0.035,-0.0035));
#3260=CARTESIAN_POINT('',(0.,0.021,2.14313189850787E-19));
#3261=CARTESIAN_POINT('',(0.,0.021,-0.0035));
#3262=CARTESIAN_POINT('',(0.,0.035,0.));
#3263=CARTESIAN_POINT('',(0.,0.021,0.));
#3264=CARTESIAN_POINT('',(0.,0.,0.));
#3265=CARTESIAN_POINT('',(-0.048,0.,2.14313189850787E-19));
#3266=CARTESIAN_POINT('',(-0.034,0.,2.14313189850787E-19));
#3267=CARTESIAN_POINT('',(-0.034,0.,-0.0035));
#3268=CARTESIAN_POINT('',(-0.048,0.,2.14313189850787E-19));
#3269=CARTESIAN_POINT('',(-0.048,0.0035,0.));
#3270=CARTESIAN_POINT('',(-0.048,-0.0035,0.));
#3271=CARTESIAN_POINT('',(-0.048,-0.0035,0.));
#3272=CARTESIAN_POINT('',(-0.0478722257681842,-0.0035,0.));
#3273=CARTESIAN_POINT('',(-0.0478722257681842,0.0035,-5.55111512312578E-17));
#3274=CARTESIAN_POINT('',(-0.0478722257681842,0.00349999999999999,-0.000925145263667358));
#3275=CARTESIAN_POINT('',(-0.0479362153626447,0.00274159058244999,-0.00273751033483729));
#3276=CARTESIAN_POINT('',(-0.0480318546408154,3.39799385794118E-6,-0.00388051570478956));
#3277=CARTESIAN_POINT('',(-0.0479363657058806,-0.00274061921797267,-0.00274042179622128));
#3278=CARTESIAN_POINT('',(-0.0478722257681842,-0.00349999999999999,-0.000925144111833792));
#3279=CARTESIAN_POINT('',(-0.0478722257681842,-0.0035,-5.53370484402015E-17));
#3280=CARTESIAN_POINT('',(-0.0478722257681842,0.0035,0.));
#3281=CARTESIAN_POINT('',(-0.048,0.0035,0.));
#3282=CARTESIAN_POINT('',(-0.048,0.,0.));
#3283=CARTESIAN_POINT('',(-0.048,0.,0.));
#3284=CARTESIAN_POINT('',(-0.048,2.93915231795365E-18,0.));
#3285=CARTESIAN_POINT('',(-0.048,0.,0.));
#3286=CARTESIAN_POINT('',(-0.034,0.,0.));
#3287=CARTESIAN_POINT('',(0.,2.93915231795365E-18,-0.17983975282194));
#3288=CARTESIAN_POINT('',(0.,2.93915231795365E-18,0.));
#3289=CARTESIAN_POINT('',(0.,2.93915231795365E-18,0.));
#3290=CARTESIAN_POINT('',(0.,0.,0.));
#3291=CARTESIAN_POINT('',(0.,0.,0.));
#3292=CARTESIAN_POINT('',(0.,0.,0.));
#3293=CARTESIAN_POINT('',(0.021,0.054375,-0.0394));
#3294=CARTESIAN_POINT('',(0.008,0.054375,-0.0394));
#3295=CARTESIAN_POINT('',(0.008,0.05525,-0.0394));
#3296=CARTESIAN_POINT('',(0.008,0.04725,-0.0394));
#3297=CARTESIAN_POINT('',(0.021,0.04725,-0.0394));
#3298=CARTESIAN_POINT('',(0.003,0.04725,-0.0394));
#3299=CARTESIAN_POINT('',(0.003,0.048125,-0.0394));
#3300=CARTESIAN_POINT('',(0.003,0.045,-0.0394));
#3301=CARTESIAN_POINT('',(0.021,0.045,-0.0394));
#3302=CARTESIAN_POINT('',(0.021,0.045,-0.0394));
#3303=CARTESIAN_POINT('',(0.021,0.054375,-0.0394));
#3304=CARTESIAN_POINT('',(0.021,0.0575,-0.0394));
#3305=CARTESIAN_POINT('',(0.021,0.0575,-0.0394));
#3306=CARTESIAN_POINT('',(0.003,0.0575,-0.0394));
#3307=CARTESIAN_POINT('',(0.003,0.048125,-0.0394));
#3308=CARTESIAN_POINT('',(0.003,0.05525,-0.0394));
#3309=CARTESIAN_POINT('',(0.021,0.05525,-0.0394));
#3310=CARTESIAN_POINT('',(0.021,0.05125,-0.0443));
#3311=CARTESIAN_POINT('',(0.,0.05125,-0.0443));
#3312=CARTESIAN_POINT('',(0.,0.045,-0.0443));
#3313=CARTESIAN_POINT('',(0.,0.0575,-0.0443));
#3314=CARTESIAN_POINT('',(0.021,0.0575,-0.0443));
#3315=CARTESIAN_POINT('',(0.021,0.0575,-0.0443));
#3316=CARTESIAN_POINT('',(0.021,0.05125,-0.0443));
#3317=CARTESIAN_POINT('',(0.021,0.045,-0.0443));
#3318=CARTESIAN_POINT('',(0.021,0.045,-0.0443));
#3319=CARTESIAN_POINT('',(0.021,0.04725,-0.0443));
#3320=CARTESIAN_POINT('',(0.008,0.04725,-0.0443));
#3321=CARTESIAN_POINT('',(0.003,0.04725,-0.0443));
#3322=CARTESIAN_POINT('',(0.008,0.05125,-0.0443));
#3323=CARTESIAN_POINT('',(0.008,0.05525,-0.0443));
#3324=CARTESIAN_POINT('',(0.021,0.05525,-0.0443));
#3325=CARTESIAN_POINT('',(0.003,0.05525,-0.0443));
#3326=CARTESIAN_POINT('',(0.003,0.05125,-0.0443));
#3327=CARTESIAN_POINT('',(0.,2.75545529808154E-18,0.0125));
#3328=CARTESIAN_POINT('',(-0.0449317711319011,0.00274573211199869,0.00274046140123224));
#3329=CARTESIAN_POINT('',(-0.0450340815859064,-6.94440008589057E-7,0.00387955358171328));
#3330=CARTESIAN_POINT('',(-0.0449319025244734,-0.00274295435196431,0.00274132427191466));
#3331=CARTESIAN_POINT('',(-0.0448295861750561,-0.00387817508671652,2.94706534366701E-6));
#3332=CARTESIAN_POINT('',(-0.0449318475156417,-0.00274434223456933,-0.0027417636477924));
#3333=CARTESIAN_POINT('',(-0.0450340003627795,-6.1078172805949E-7,-0.00387821925802819));
#3334=CARTESIAN_POINT('',(-0.0449321509262398,0.00273918403065474,-0.00274535794437504));
#3335=CARTESIAN_POINT('',(-0.0448295433078215,0.00387876843810939,-3.9261437975915E-6));
#3336=CARTESIAN_POINT('',(-0.0449317711319011,0.00274573211199869,0.00274046140123224));
#3337=CARTESIAN_POINT('',(-0.0450340815859064,-6.94440008589057E-7,0.00387955358171328));
#3338=CARTESIAN_POINT('',(-0.0449319025244734,-0.00274295435196431,0.00274132427191466));
#3339=CARTESIAN_POINT('',(-0.045,2.60681506426774E-18,0.0035));
#3340=CARTESIAN_POINT('',(0.0449317711319011,0.00274573211199868,-0.00274046140123224));
#3341=CARTESIAN_POINT('',(0.0450340815859064,-6.94440008592635E-7,-0.00387955358171328));
#3342=CARTESIAN_POINT('',(0.0449319025244734,-0.00274295435196432,-0.00274132427191465));
#3343=CARTESIAN_POINT('',(0.0448295861750562,-0.00387817508671652,-2.94706534366637E-6));
#3344=CARTESIAN_POINT('',(0.0449318475156417,-0.00274434223456933,0.00274176364779241));
#3345=CARTESIAN_POINT('',(0.0450340003627795,-6.10781728064219E-7,0.00387821925802818));
#3346=CARTESIAN_POINT('',(0.0449321509262398,0.00273918403065474,0.00274535794437505));
#3347=CARTESIAN_POINT('',(0.0448295433078215,0.00387876843810939,3.92614379757196E-6));
#3348=CARTESIAN_POINT('',(0.0449317711319011,0.00274573211199868,-0.00274046140123224));
#3349=CARTESIAN_POINT('',(0.0450340815859064,-6.94440008592635E-7,-0.00387955358171328));
#3350=CARTESIAN_POINT('',(0.0449319025244734,-0.00274295435196432,-0.00274132427191465));
#3351=CARTESIAN_POINT('',(0.045,7.25305364017075E-20,-0.0035));
#3352=CARTESIAN_POINT('',(0.,2.75545529808154E-18,0.0125));
#3353=CARTESIAN_POINT('',(0.045,2.75545529808154E-18,0.0125));
#3354=CARTESIAN_POINT('',(0.,2.75545529808154E-18,-0.0125));
#3355=CARTESIAN_POINT('',(0.,0.045,-0.0125));
#3356=CARTESIAN_POINT('',(0.,2.93915231795365E-18,0.0125));
#3357=CARTESIAN_POINT('',(-0.0479360352748481,0.00274573510044897,0.0027404669026192));
#3358=CARTESIAN_POINT('',(-0.0480319515075073,-6.95764999813814E-7,0.0038795501862957));
#3359=CARTESIAN_POINT('',(-0.0479361586951226,-0.0027429520404497,0.00274133235219801));
#3360=CARTESIAN_POINT('',(-0.0478402725929796,-0.00387816903573104,2.93211438618178E-6));
#3361=CARTESIAN_POINT('',(-0.0479361057653119,-0.00274436876309137,-0.00274173612646677));
#3362=CARTESIAN_POINT('',(-0.0480318756622365,-5.97164705927431E-7,-0.00387822786525026));
#3363=CARTESIAN_POINT('',(-0.0479363914859971,0.00273917764310827,-0.00274535104460246));
#3364=CARTESIAN_POINT('',(-0.0478402321487008,0.00387876926134651,-3.95622414449501E-6));
#3365=CARTESIAN_POINT('',(-0.0479360352748481,0.00274573510044897,0.0027404669026192));
#3366=CARTESIAN_POINT('',(-0.0480319515075073,-6.95764999813814E-7,0.0038795501862957));
#3367=CARTESIAN_POINT('',(-0.0479361586951226,-0.0027429520404497,0.00274133235219801));
#3368=CARTESIAN_POINT('',(-0.048,3.17636205625159E-18,0.0035));
#3369=CARTESIAN_POINT('',(0.0479360352748481,0.00274573510044897,-0.0027404669026192));
#3370=CARTESIAN_POINT('',(0.0480319515075073,-6.95764999818151E-7,-0.0038795501862957));
#3371=CARTESIAN_POINT('',(0.0479361586951226,-0.0027429520404497,-0.00274133235219801));
#3372=CARTESIAN_POINT('',(0.0478402725929796,-0.00387816903573104,-2.93211438617938E-6));
#3373=CARTESIAN_POINT('',(0.0479361057653119,-0.00274436876309137,0.00274173612646677));
#3374=CARTESIAN_POINT('',(0.0480318756622365,-5.97164705925897E-7,0.00387822786525026));
#3375=CARTESIAN_POINT('',(0.0479363914859971,0.00273917764310827,0.00274535104460245));
#3376=CARTESIAN_POINT('',(0.0478402321487008,0.00387876926134651,3.95622414449531E-6));
#3377=CARTESIAN_POINT('',(0.0479360352748481,0.00274573510044897,-0.0027404669026192));
#3378=CARTESIAN_POINT('',(0.0480319515075073,-6.95764999818151E-7,-0.0038795501862957));
#3379=CARTESIAN_POINT('',(0.0479361586951226,-0.0027429520404497,-0.00274133235219801));
#3380=CARTESIAN_POINT('',(0.048,2.55861937310332E-19,-0.0035));
#3381=CARTESIAN_POINT('',(0.,2.93915231795365E-18,0.0125));
#3382=CARTESIAN_POINT('',(0.048,2.93915231795365E-18,0.0125));
#3383=CARTESIAN_POINT('',(0.,2.93915231795365E-18,-0.0025));
#3384=CARTESIAN_POINT('',(0.01670329308849,0.045,-0.0025));
#3385=CARTESIAN_POINT('',(0.,0.048,-0.0025));
#3386=CARTESIAN_POINT('',(0.,0.048,-0.0025));
#3387=CARTESIAN_POINT('',(0.,0.048,-0.0125));
#3388=CARTESIAN_POINT('',(0.,2.93915231795365E-18,-0.0125));
#3389=CARTESIAN_POINT('',(0.0167032930884901,0.045,-0.0125));
#3390=CARTESIAN_POINT('',(0.0167032930884901,0.045,-0.0125));
#3391=CARTESIAN_POINT('',(0.,0.,0.0125));
#3392=CARTESIAN_POINT('',(0.,0.,-0.0125));
#3393=CARTESIAN_POINT('',(0.,0.05125,-0.0125));
#3394=CARTESIAN_POINT('',(0.021,0.045,-0.0125));
#3395=CARTESIAN_POINT('',(0.021,0.048125,-0.0174));
#3396=CARTESIAN_POINT('',(0.021,0.045,-0.0174));
#3397=CARTESIAN_POINT('',(0.021,0.045,-0.0174));
#3398=CARTESIAN_POINT('',(0.003,0.045,-0.0174));
#3399=CARTESIAN_POINT('',(0.003,0.048125,-0.0174));
#3400=CARTESIAN_POINT('',(0.003,0.0575,-0.0174));
#3401=CARTESIAN_POINT('',(0.021,0.0575,-0.0174));
#3402=CARTESIAN_POINT('',(0.021,0.0575,-0.0174));
#3403=CARTESIAN_POINT('',(0.021,0.048125,-0.0174));
#3404=CARTESIAN_POINT('',(0.021,0.0575,-0.01495));
#3405=CARTESIAN_POINT('',(0.,0.0575,-0.01495));
#3406=CARTESIAN_POINT('',(0.,0.0575,-0.0124874921777191));
#3407=CARTESIAN_POINT('',(0.,0.0575,-0.0124874921777191));
#3408=CARTESIAN_POINT('',(0.00253312088783912,0.0575,-0.0124874921777191));
#3409=CARTESIAN_POINT('',(0.0050662211889463,0.0575,-0.0125));
#3410=CARTESIAN_POINT('',(0.00759934207678542,0.0575,-0.0125));
#3411=CARTESIAN_POINT('',(0.00759934207678542,0.0575,-0.0125));
#3412=CARTESIAN_POINT('',(0.021,0.0575,-0.0125));
#3413=CARTESIAN_POINT('',(0.021,0.0575,-0.0125));
#3414=CARTESIAN_POINT('',(0.021,0.0575,-0.01495));
#3415=CARTESIAN_POINT('',(0.003,0.0575,-0.0284));
#3416=CARTESIAN_POINT('',(0.021,0.0575,-0.04185));
#3417=CARTESIAN_POINT('',(0.021,0.05125,-0.0125));
#3418=CARTESIAN_POINT('',(0.,4.3269310987351E-18,-0.0125));
#3419=CARTESIAN_POINT('',(0.021,0.0540647759636531,-0.0125));
#3420=CARTESIAN_POINT('',(0.021,0.05125,-0.0125));
#3421=CARTESIAN_POINT('',(0.021,0.045,-0.01495));
#3422=CARTESIAN_POINT('',(0.,0.045,-0.01495));
#3423=CARTESIAN_POINT('',(0.021,0.045,-0.04185));
#3424=CARTESIAN_POINT('',(0.003,0.045,-0.0284));
#3425=CARTESIAN_POINT('',(0.021,0.045,-0.01495));
#3426=CARTESIAN_POINT('',(0.021,0.045,-0.00801588472703327));
#3427=CARTESIAN_POINT('',(0.021,0.045,-0.00801588472703327));
#3428=CARTESIAN_POINT('',(0.0199779151303814,0.045,-0.00736227095756111));
#3429=CARTESIAN_POINT('',(0.0185248113400993,0.045,-0.0062696346220928));
#3430=CARTESIAN_POINT('',(0.0170432767832402,0.045,-0.00430641087579891));
#3431=CARTESIAN_POINT('',(0.0167032930884901,0.045,-0.00311328664680824));
#3432=CARTESIAN_POINT('',(0.01670329308849,0.045,-0.0025));
#3433=CARTESIAN_POINT('',(0.021,0.00625,-0.0125));
#3434=CARTESIAN_POINT('',(0.021,0.05125,-0.01455));
#3435=CARTESIAN_POINT('',(0.021,0.05125,-0.01555));
#3436=CARTESIAN_POINT('',(0.021,0.0540647759636531,-0.0125));
#3437=CARTESIAN_POINT('',(0.021,0.0531832504254969,-0.0125));
#3438=CARTESIAN_POINT('',(0.021,0.0514550677770924,-0.0123023815446775));
#3439=CARTESIAN_POINT('',(0.021,0.0481207389999913,-0.0111291362282125));
#3440=CARTESIAN_POINT('',(0.021,0.0460403213372204,-0.00944147577185514));
#3441=CARTESIAN_POINT('',(0.021,0.0450000000000006,-0.0080158847270326));
#3442=CARTESIAN_POINT('',(0.,0.00625,-0.0125));
#3443=CARTESIAN_POINT('',(0.,0.058,-0.0025));
#3444=CARTESIAN_POINT('',(0.003,0.00625,-0.0125));
#3445=CARTESIAN_POINT('',(0.003,0.04725,-0.0383));
#3446=CARTESIAN_POINT('',(0.003,0.05525,-0.0383));
#3447=CARTESIAN_POINT('',(0.021,0.00625,-0.0125));
#3448=CARTESIAN_POINT('',(0.021,0.05125,-0.04225));
#3449=CARTESIAN_POINT('',(0.021,0.05125,-0.04325));
#3450=CARTESIAN_POINT('',(0.023,0.00625,-0.0125));
#3451=CARTESIAN_POINT('',(0.023,0.05125,-0.04225));
#3452=CARTESIAN_POINT('',(0.023,0.05125,-0.04325));
#3453=CARTESIAN_POINT('',(0.023,0.05125,-0.04225));
#3454=CARTESIAN_POINT('',(0.023,0.05125,-0.01455));
#3455=CARTESIAN_POINT('',(0.023,0.05125,-0.01455));
#3456=CARTESIAN_POINT('',(0.023,0.05125,-0.01555));
#3457=CARTESIAN_POINT('',(0.023,0.00625,-0.0125));
#3458=CARTESIAN_POINT('',(0.,2.93915231795365E-18,-0.0025));
#3459=CARTESIAN_POINT('',(-0.171003391685176,0.,2.14313189850787E-19));
#3460=CARTESIAN_POINT('',(-0.171003391685176,0.,2.14313189850787E-19));
#3461=CARTESIAN_POINT('',(0.0055,0.04725,-0.0383));
#3462=CARTESIAN_POINT('',(0.008,0.04725,-0.0383));
#3463=CARTESIAN_POINT('',(0.0055,0.05525,-0.0383));
#3464=CARTESIAN_POINT('',(0.008,0.05525,-0.0383));
#3465=CARTESIAN_POINT('',(0.008,0.05125,-0.0383));
#3466=CARTESIAN_POINT('',(0.,0.,0.));
#3467=CARTESIAN_POINT('',(-3.46944695195361E-18,-3.46944695195361E-18,0.0325));
#3468=CARTESIAN_POINT('',(0.00274565305649628,0.0218604534847654,0.00274029303769604));
#3469=CARTESIAN_POINT('',(-6.55960723133656E-7,0.0220697098913987,0.0038796521302808));
#3470=CARTESIAN_POINT('',(-0.00274302921360375,0.0218607069496398,0.00274109844118075));
#3471=CARTESIAN_POINT('',(-0.0038783255320297,0.0216493656123455,3.34033566822338E-6));
#3472=CARTESIAN_POINT('',(-0.00274366523053202,0.0218606709271769,-0.00274246122989377));
#3473=CARTESIAN_POINT('',(-9.79422422409347E-7,0.0220695292671042,-0.00387801284635648));
#3474=CARTESIAN_POINT('',(0.00273943456504914,0.0218612117529075,-0.00274548580383045));
#3475=CARTESIAN_POINT('',(0.00387872630978037,0.0216492939216557,-3.03086681928701E-6));
#3476=CARTESIAN_POINT('',(0.00274565305649628,0.0218604534847654,0.00274029303769604));
#3477=CARTESIAN_POINT('',(-6.55960723133656E-7,0.0220697098913987,0.0038796521302808));
#3478=CARTESIAN_POINT('',(-0.00274302921360375,0.0218607069496398,0.00274109844118075));
#3479=CARTESIAN_POINT('',(-5.54514249757341E-20,0.022,0.0035));
#3480=CARTESIAN_POINT('',(-3.46944695195361E-18,-3.46944695195361E-18,-0.0325));
#3481=CARTESIAN_POINT('',(-0.0162354391301711,-0.0148462290245877,-0.0325));
#3482=CARTESIAN_POINT('',(0.0162354391301711,-0.0148462290245877,-0.0325));
#3483=CARTESIAN_POINT('',(0.0162354391301711,-0.0148462290245877,-0.0325));
#3484=CARTESIAN_POINT('',(0.0165840110449978,-0.0144650400980068,-0.0325));
#3485=CARTESIAN_POINT('',(0.0172502325443042,-0.0136786866152616,-0.032292993158551));
#3486=CARTESIAN_POINT('',(0.0177102990192364,-0.0130527077343873,-0.031521717424621));
#3487=CARTESIAN_POINT('',(0.0178083226873589,-0.0129175710976521,-0.0310294134498371));
#3488=CARTESIAN_POINT('',(0.0178083226873589,-0.0129175710976521,-0.0310294134498371));
#3489=CARTESIAN_POINT('',(0.0178083226873589,-0.0129175710976521,-0.031029413449837));
#3490=CARTESIAN_POINT('',(0.0182517361579218,-0.0123062758233308,-0.0288024593048659));
#3491=CARTESIAN_POINT('',(0.0188888684927244,-0.0113310773986563,-0.0254784467584812));
#3492=CARTESIAN_POINT('',(0.0196880695116829,-0.00984637255567365,-0.0211067421387531));
#3493=CARTESIAN_POINT('',(0.0202627102893618,-0.00860820206332567,-0.0178680685171391));
#3494=CARTESIAN_POINT('',(0.0208102064957702,-0.00719714497709065,-0.0146959085031675));
#3495=CARTESIAN_POINT('',(0.0212442950593272,-0.00578457178738974,-0.0121148230505047));
#3496=CARTESIAN_POINT('',(0.0215626744805643,-0.00441332056080425,-0.0101888315109285));
#3497=CARTESIAN_POINT('',(0.0217776349860156,-0.00321089823412388,-0.00887453977469214));
#3498=CARTESIAN_POINT('',(0.021949783678996,-0.00175972044304174,-0.00781196229797151));
#3499=CARTESIAN_POINT('',(0.0220259278519115,1.60125409936326E-5,-0.0073389374831809));
#3500=CARTESIAN_POINT('',(0.0219464627479603,0.00180117697651555,-0.00783254938162218));
#3501=CARTESIAN_POINT('',(0.0217731123383522,0.0032395095979109,-0.00890232989310624));
#3502=CARTESIAN_POINT('',(0.0215583293580749,0.00443350520980333,-0.0102152066572067));
#3503=CARTESIAN_POINT('',(0.0212438390722678,0.00578466548690218,-0.0121174326128077));
#3504=CARTESIAN_POINT('',(0.020809365519546,0.00720019211650362,-0.0147009116288872));
#3505=CARTESIAN_POINT('',(0.0202615475368712,0.00861078315975919,-0.0178747091547237));
#3506=CARTESIAN_POINT('',(0.0196869098628386,0.00984870446181092,-0.0211131775884651));
#3507=CARTESIAN_POINT('',(0.0188879731829509,0.0113324832397376,-0.025483179237536));
#3508=CARTESIAN_POINT('',(0.0182513143825301,0.012306857288083,-0.0288045775861523));
#3509=CARTESIAN_POINT('',(0.017808322687359,0.0129175710976521,-0.031029413449837));
#3510=CARTESIAN_POINT('',(0.0178083226873588,0.0129175710976521,-0.0310294134498371));
#3511=CARTESIAN_POINT('',(0.0178083226873589,0.0129175710976521,-0.0310294134498371));
#3512=CARTESIAN_POINT('',(0.0177102886063079,0.0130527220897789,-0.0315217697214405));
#3513=CARTESIAN_POINT('',(0.0172512209399788,0.0136774422204659,-0.0322921008755568));
#3514=CARTESIAN_POINT('',(0.0165840683085107,0.0144649774761601,-0.0325));
#3515=CARTESIAN_POINT('',(0.016235439130171,0.0148462290245877,-0.0325));
#3516=CARTESIAN_POINT('',(0.016235439130171,0.0148462290245877,-0.0325));
#3517=CARTESIAN_POINT('',(-3.46944695195361E-18,-3.46944695195361E-18,-0.0325));
#3518=CARTESIAN_POINT('',(-0.0162354391301711,0.0148462290245877,-0.0325));
#3519=CARTESIAN_POINT('',(-0.0162354391301711,0.0148462290245877,-0.0325));
#3520=CARTESIAN_POINT('',(-0.0165840110449978,0.0144650400980069,-0.0325));
#3521=CARTESIAN_POINT('',(-0.0172502325443042,0.0136786866152616,-0.032292993158551));
#3522=CARTESIAN_POINT('',(-0.0177102990192364,0.0130527077343874,-0.031521717424621));
#3523=CARTESIAN_POINT('',(-0.0178083226873589,0.0129175710976521,-0.0310294134498371));
#3524=CARTESIAN_POINT('',(-0.0178083226873589,0.0129175710976521,-0.0310294134498371));
#3525=CARTESIAN_POINT('',(-0.0178083226873589,0.0129175710976521,-0.031029413449837));
#3526=CARTESIAN_POINT('',(-0.0182537593714477,0.0123034865962336,-0.0287922981256352));
#3527=CARTESIAN_POINT('',(-0.0188943330530382,0.0113226888304483,-0.0254498245166408));
#3528=CARTESIAN_POINT('',(-0.0196988406639507,0.00982541774904853,-0.0210471919290219));
#3529=CARTESIAN_POINT('',(-0.0202788627913972,0.00857108894068789,-0.0177759808427879));
#3530=CARTESIAN_POINT('',(-0.0208289904207957,0.00714363499305195,-0.0145856164262345));
#3531=CARTESIAN_POINT('',(-0.0212606262043003,0.00572409924827359,-0.0120167688375633));
#3532=CARTESIAN_POINT('',(-0.021574436233422,0.0043552074378378,-0.0101172177450249));
#3533=CARTESIAN_POINT('',(-0.0217865525688875,0.00315090043318182,-0.00881970888836853));
#3534=CARTESIAN_POINT('',(-0.021955332257565,0.00169028124713426,-0.00777754779940468));
#3535=CARTESIAN_POINT('',(-0.0220254341999272,-7.99263711047969E-5,-0.00734200728042188));
#3536=CARTESIAN_POINT('',(-0.0219420649712429,-0.00184871352710258,-0.00785979592280503));
#3537=CARTESIAN_POINT('',(-0.0217681386386664,-0.00327157566648467,-0.0089328761780056));
#3538=CARTESIAN_POINT('',(-0.0215526337546457,-0.00446066298484891,-0.010249836222073));
#3539=CARTESIAN_POINT('',(-0.0212393449024503,-0.00579980214722981,-0.0121442654898428));
#3540=CARTESIAN_POINT('',(-0.020807852935403,-0.00720430344025095,-0.0147097358507925));
#3541=CARTESIAN_POINT('',(-0.0202588244902855,-0.00861730351243911,-0.0178903181082123));
#3542=CARTESIAN_POINT('',(-0.0196847212394523,-0.0098529445862562,-0.0211252830600318));
#3543=CARTESIAN_POINT('',(-0.0188863633378009,-0.0113350863496072,-0.0254916981314564));
#3544=CARTESIAN_POINT('',(-0.0182505995763813,-0.0123078427286476,-0.0288081675549319));
#3545=CARTESIAN_POINT('',(-0.0178083226873589,-0.0129175710976521,-0.031029413449837));
#3546=CARTESIAN_POINT('',(-0.0178083226873589,-0.0129175710976521,-0.0310294134498371));
#3547=CARTESIAN_POINT('',(-0.0178083226873589,-0.0129175710976521,-0.0310294134498371));
#3548=CARTESIAN_POINT('',(-0.0177102886063079,-0.0130527220897789,-0.0315217697214405));
#3549=CARTESIAN_POINT('',(-0.0172512209399788,-0.0136774422204659,-0.0322921008755568));
#3550=CARTESIAN_POINT('',(-0.0165840683085107,-0.0144649774761601,-0.0325));
#3551=CARTESIAN_POINT('',(-0.0162354391301711,-0.0148462290245877,-0.0325));
#3552=CARTESIAN_POINT('',(0.00274565305649628,-0.0218604534847654,0.00274029303769604));
#3553=CARTESIAN_POINT('',(-6.5596072313371E-7,-0.0220697098913987,0.0038796521302808));
#3554=CARTESIAN_POINT('',(-0.00274302921360375,-0.0218607069496398,0.00274109844118075));
#3555=CARTESIAN_POINT('',(-0.0038783255320297,-0.0216493656123455,3.34033566822322E-6));
#3556=CARTESIAN_POINT('',(-0.00274366523053202,-0.0218606709271769,-0.00274246122989376));
#3557=CARTESIAN_POINT('',(-9.79422422409174E-7,-0.0220695292671042,-0.00387801284635648));
#3558=CARTESIAN_POINT('',(0.00273943456504914,-0.0218612117529075,-0.00274548580383045));
#3559=CARTESIAN_POINT('',(0.00387872630978037,-0.0216492939216557,-3.03086681928722E-6));
#3560=CARTESIAN_POINT('',(0.00274565305649628,-0.0218604534847654,0.00274029303769604));
#3561=CARTESIAN_POINT('',(-6.5596072313371E-7,-0.0220697098913987,0.0038796521302808));
#3562=CARTESIAN_POINT('',(-0.00274302921360375,-0.0218607069496398,0.00274109844118075));
#3563=CARTESIAN_POINT('',(-5.54514249757341E-20,-0.022,0.0035));
#3564=CARTESIAN_POINT('',(-3.46944695195361E-18,-3.46944695195361E-18,0.05));
#3565=CARTESIAN_POINT('',(0.0157938875451293,0.0153151270387095,0.05));
#3566=CARTESIAN_POINT('',(-0.0157938875451293,0.0153151270387095,0.05));
#3567=CARTESIAN_POINT('',(0.0157938875451293,0.0153151270387095,0.05));
#3568=CARTESIAN_POINT('',(0.0162220942508922,0.0148735343219271,0.05));
#3569=CARTESIAN_POINT('',(0.0168370183025217,0.0141770866207882,0.0497890770800716));
#3570=CARTESIAN_POINT('',(0.0174012991877739,0.0134637234301074,0.0489151292854239));
#3571=CARTESIAN_POINT('',(0.0175130634653971,0.0133151270387095,0.0483098543016608));
#3572=CARTESIAN_POINT('',(0.0175130634653971,0.0133151270387095,0.048));
#3573=CARTESIAN_POINT('',(0.0175130634653971,0.0133151270387095,0.048));
#3574=CARTESIAN_POINT('',(0.0175130634653971,0.0133151270387095,0.05));
#3575=CARTESIAN_POINT('',(0.0175130634653971,0.0133151270387095,0.0327623874929705));
#3576=CARTESIAN_POINT('',(0.0175130634653971,0.0133151270387095,0.0327623874929705));
#3577=CARTESIAN_POINT('',(0.0175130634653971,0.0133151270387095,0.0325853178836637));
#3578=CARTESIAN_POINT('',(0.0175306935689081,0.0132920257086948,0.0324130423818909));
#3579=CARTESIAN_POINT('',(0.0175645660906692,0.0132471135741532,0.0322452530550684));
#3580=CARTESIAN_POINT('',(0.0175645660906693,0.0132471135741532,0.0322452530550683));
#3581=CARTESIAN_POINT('',(0.0178083226873589,-0.0129175710976521,0.031029413449837));
#3582=CARTESIAN_POINT('',(0.0182618238707566,-0.0122923687781144,0.028751795814913));
#3583=CARTESIAN_POINT('',(0.0189128153708394,-0.0112937554769326,0.025352487481956));
#3584=CARTESIAN_POINT('',(0.0197282603476363,-0.0097672393842325,0.0208840102431936));
#3585=CARTESIAN_POINT('',(0.0203139374175664,-0.00848924370710049,0.0175755019716214));
#3586=CARTESIAN_POINT('',(0.0208709446990934,-0.00702388930778327,0.0143393951767851));
#3587=CARTESIAN_POINT('',(0.0213114607189444,-0.00554057309424149,0.0117118554845896));
#3588=CARTESIAN_POINT('',(0.0216296655838494,-0.00407919598380978,0.00978075748648114));
#3589=CARTESIAN_POINT('',(0.0218384163041425,-0.002786228375042,0.00850052978437392));
#3590=CARTESIAN_POINT('',(0.0219922251403385,-0.00118941378220142,0.00754855264808739));
#3591=CARTESIAN_POINT('',(0.0220150711714077,0.000698592257460235,0.00740649965713463));
#3592=CARTESIAN_POINT('',(0.0218868154694135,0.00239684942015383,0.00820181430658241));
#3593=CARTESIAN_POINT('',(0.0216883780797448,0.0037586114511638,0.00942196064457176));
#3594=CARTESIAN_POINT('',(0.0214589765302978,0.0048884497511711,0.0108181779118089));
#3595=CARTESIAN_POINT('',(0.0211259483461953,0.00619890992383314,0.0128224821405151));
#3596=CARTESIAN_POINT('',(0.0206748485881787,0.00757594384167874,0.0154887546659308));
#3597=CARTESIAN_POINT('',(0.020107413171866,0.00896455115460327,0.0187531831703141));
#3598=CARTESIAN_POINT('',(0.0195124463692617,0.0101900246414708,0.0220786929627532));
#3599=CARTESIAN_POINT('',(0.0186849547810512,0.01166472120302,0.0265617573719053));
#3600=CARTESIAN_POINT('',(0.0180247212007326,0.0126369863341756,0.0299658503965915));
#3601=CARTESIAN_POINT('',(0.0175645660906692,0.0132471135741532,0.0322452530550683));
#3602=CARTESIAN_POINT('',(0.0178083226873589,-0.0129175710976521,0.0310294134498371));
#3603=CARTESIAN_POINT('',(0.0178083226873589,-0.0129175710976521,0.0310294134498371));
#3604=CARTESIAN_POINT('',(0.0177102886063079,-0.0130527220897789,0.0315217697214405));
#3605=CARTESIAN_POINT('',(0.0172512209399787,-0.0136774422204659,0.0322921008755568));
#3606=CARTESIAN_POINT('',(0.0165840683085107,-0.0144649774761601,0.0325));
#3607=CARTESIAN_POINT('',(0.0162354391301711,-0.0148462290245877,0.0325));
#3608=CARTESIAN_POINT('',(0.0162354391301711,-0.0148462290245877,0.0325));
#3609=CARTESIAN_POINT('',(-3.46944695195361E-18,-3.46944695195361E-18,0.0325));
#3610=CARTESIAN_POINT('',(-0.0162354391301711,-0.0148462290245877,0.0325));
#3611=CARTESIAN_POINT('',(-0.0162354391301711,-0.0148462290245877,0.0325));
#3612=CARTESIAN_POINT('',(-0.0165840110449978,-0.0144650400980069,0.0325));
#3613=CARTESIAN_POINT('',(-0.0172502325443042,-0.0136786866152616,0.032292993158551));
#3614=CARTESIAN_POINT('',(-0.0177102990192364,-0.0130527077343873,0.031521717424621));
#3615=CARTESIAN_POINT('',(-0.0178083226873589,-0.0129175710976521,0.0310294134498371));
#3616=CARTESIAN_POINT('',(-0.0178083226873589,-0.0129175710976521,0.0310294134498371));
#3617=CARTESIAN_POINT('',(-0.0175645660906689,0.0132471135741536,0.0322452530550697));
#3618=CARTESIAN_POINT('',(-0.0180270872135743,0.0126338491987765,0.0299541302269282));
#3619=CARTESIAN_POINT('',(-0.0186910711670595,0.0116557126162428,0.0265300787543413));
#3620=CARTESIAN_POINT('',(-0.0195240728274476,0.0101682028129802,0.0220149431189092));
#3621=CARTESIAN_POINT('',(-0.0201239329111407,0.00892858981343713,0.0186597859654616));
#3622=CARTESIAN_POINT('',(-0.0206955880391127,0.00751962900148034,0.0153677430638327));
#3623=CARTESIAN_POINT('',(-0.0211433313124149,0.00614041700803455,0.0127188159917846));
#3624=CARTESIAN_POINT('',(-0.0214761213576244,0.00481338699593158,0.0107143687745177));
#3625=CARTESIAN_POINT('',(-0.0217036643192962,0.00367149392371944,0.009328374485176));
#3626=CARTESIAN_POINT('',(-0.0218983096158531,0.00229057307002468,0.00813074149525842));
#3627=CARTESIAN_POINT('',(-0.0220179676755895,0.000597699064775022,0.00738846772662217));
#3628=CARTESIAN_POINT('',(-0.0219862025407286,-0.00128828477594247,0.00758596249021682));
#3629=CARTESIAN_POINT('',(-0.0218290830428594,-0.00285437813876413,0.00855804926644946));
#3630=CARTESIAN_POINT('',(-0.0216187501909243,-0.00413513967748937,0.00984730820826864));
#3631=CARTESIAN_POINT('',(-0.0213048012501742,-0.00556239449211968,0.0117516540602116));
#3632=CARTESIAN_POINT('',(-0.0208688809512264,-0.00703011043329805,0.0143514988770539));
#3633=CARTESIAN_POINT('',(-0.0203096371044461,-0.00849963228201159,0.0176002218005192));
#3634=CARTESIAN_POINT('',(-0.0197246990462655,-0.0097742391543705,0.0209037544975785));
#3635=CARTESIAN_POINT('',(-0.0189101118536012,-0.0112981345715546,0.0253668177861065));
#3636=CARTESIAN_POINT('',(-0.0182606074983827,-0.0122940456840574,0.0287579047982427));
#3637=CARTESIAN_POINT('',(-0.0178083226873589,-0.0129175710976521,0.0310294134498371));
#3638=CARTESIAN_POINT('',(-0.017564566090669,0.0132471135741536,0.0322452530550697));
#3639=CARTESIAN_POINT('',(-0.0175645660906733,0.0132471135741532,0.0322452530550683));
#3640=CARTESIAN_POINT('',(-0.0175306935689123,0.0132920257086946,0.0324130423818902));
#3641=CARTESIAN_POINT('',(-0.0175130634653971,0.0133151270387095,0.032585317883664));
#3642=CARTESIAN_POINT('',(-0.0175130634653971,0.0133151270387095,0.0327623874929705));
#3643=CARTESIAN_POINT('',(-0.0175130634653971,0.0133151270387095,0.0327623874929705));
#3644=CARTESIAN_POINT('',(-0.0175130634653971,0.0133151270387095,0.05));
#3645=CARTESIAN_POINT('',(-0.0175130634653971,0.0133151270387095,0.048));
#3646=CARTESIAN_POINT('',(-0.0175130634653971,0.0133151270387095,0.048));
#3647=CARTESIAN_POINT('',(-0.0175130634653971,0.0133151270387095,0.0483098060629345));
#3648=CARTESIAN_POINT('',(-0.01740201789736,0.0134628097669919,0.048913445191152));
#3649=CARTESIAN_POINT('',(-0.0168360554098506,0.0141782762165171,0.0497906261247377));
#3650=CARTESIAN_POINT('',(-0.0162221440256899,0.014873482991138,0.05));
#3651=CARTESIAN_POINT('',(-0.0157938875451293,0.0153151270387095,0.05));
#3652=CARTESIAN_POINT('',(0.,6.93889390390723E-18,0.0325));
#3653=CARTESIAN_POINT('',(0.0139332823461345,-0.0129175710976521,-0.0310294134498371));
#3654=CARTESIAN_POINT('',(0.0144974682813499,-0.0123090231073489,-0.0288124676850851));
#3655=CARTESIAN_POINT('',(0.0152913168421926,-0.0113359461074689,-0.0254937722015351));
#3656=CARTESIAN_POINT('',(0.0162674495025352,-0.00984875242940773,-0.0211130879853145));
#3657=CARTESIAN_POINT('',(0.0169621423473225,-0.00860374492191494,-0.017855401568498));
#3658=CARTESIAN_POINT('',(0.0176157588012106,-0.00718182558634127,-0.0146658076026649));
#3659=CARTESIAN_POINT('',(0.0181205070633285,-0.005783125877867,-0.012112556942123));
#3660=CARTESIAN_POINT('',(0.0184913437106848,-0.00441467371739549,-0.0101923363723496));
#3661=CARTESIAN_POINT('',(0.0187368898694329,-0.00323954225235221,-0.00890255705227812));
#3662=CARTESIAN_POINT('',(0.0189393039396937,-0.00178801744886581,-0.0078257929563773));
#3663=CARTESIAN_POINT('',(0.019030115152103,-1.27762678567864E-5,-0.00733835388200898));
#3664=CARTESIAN_POINT('',(0.0189402210633189,0.0017818460414479,-0.00782086861494305));
#3665=CARTESIAN_POINT('',(0.0187388391755363,0.00322830038704118,-0.00889227703472556));
#3666=CARTESIAN_POINT('',(0.0184905812950506,0.00441911604955058,-0.010196376047059));
#3667=CARTESIAN_POINT('',(0.0181179463503195,0.00579096854911119,-0.0121256955248714));
#3668=CARTESIAN_POINT('',(0.0176133096640891,0.00718743071976403,-0.0146778694186644));
#3669=CARTESIAN_POINT('',(0.0169625992530385,0.00860242848120135,-0.0178530018863888));
#3670=CARTESIAN_POINT('',(0.0162700060665117,0.0098445863874891,-0.0211013719306647));
#3671=CARTESIAN_POINT('',(0.0152915756091243,0.0113358947665197,-0.0254929400591531));
#3672=CARTESIAN_POINT('',(0.0144975866710917,0.0123088954085976,-0.0288120024773933));
#3673=CARTESIAN_POINT('',(0.0139332823461344,0.0129175710976521,-0.0310294134498372));
#3674=CARTESIAN_POINT('',(0.0139332823461345,-0.0129175710976521,-0.0310294134498371));
#3675=CARTESIAN_POINT('',(0.0139332823461344,0.0129175710976521,-0.0310294134498372));
#3676=CARTESIAN_POINT('',(0.0139332823461345,-0.0129175710976521,-0.0310294134498371));
#3677=CARTESIAN_POINT('',(0.0137968446051133,-0.0130647369660607,-0.0315655400230627));
#3678=CARTESIAN_POINT('',(0.0131515615877952,-0.0137452017651786,-0.0323282400846056));
#3679=CARTESIAN_POINT('',(0.0123003071445124,-0.0144922135522714,-0.0325));
#3680=CARTESIAN_POINT('',(0.01185704363446,-0.0148462290245877,-0.0325));
#3681=CARTESIAN_POINT('',(0.01185704363446,-0.0148462290245877,-0.0325));
#3682=CARTESIAN_POINT('',(0.,6.93889390390723E-18,-0.0325));
#3683=CARTESIAN_POINT('',(-0.01185704363446,-0.0148462290245877,-0.0325));
#3684=CARTESIAN_POINT('',(-0.01185704363446,-0.0148462290245877,-0.0325));
#3685=CARTESIAN_POINT('',(-0.0123002382473495,-0.0144922685774678,-0.0325));
#3686=CARTESIAN_POINT('',(-0.0131457297348896,-0.0137507498246319,-0.032331641855716));
#3687=CARTESIAN_POINT('',(-0.013796727502407,-0.0130648632765767,-0.0315660001734028));
#3688=CARTESIAN_POINT('',(-0.0139332823461349,-0.0129175710976516,-0.0310294134498352));
#3689=CARTESIAN_POINT('',(-0.0139332823461344,-0.0129175710976521,-0.0310294134498372));
#3690=CARTESIAN_POINT('',(-0.0139332823461346,0.0129175710976521,-0.0310294134498371));
#3691=CARTESIAN_POINT('',(-0.01449746828135,0.0123090231073489,-0.0288124676850851));
#3692=CARTESIAN_POINT('',(-0.0152913168421926,0.0113359461074689,-0.025493772201535));
#3693=CARTESIAN_POINT('',(-0.0162674495025352,0.00984875242940773,-0.0211130879853145));
#3694=CARTESIAN_POINT('',(-0.0169621423473225,0.00860374492191492,-0.017855401568498));
#3695=CARTESIAN_POINT('',(-0.0176157588012106,0.00718182558634126,-0.0146658076026649));
#3696=CARTESIAN_POINT('',(-0.0181205070633285,0.00578312587786702,-0.012112556942123));
#3697=CARTESIAN_POINT('',(-0.0184913437106847,0.00441467371739547,-0.0101923363723496));
#3698=CARTESIAN_POINT('',(-0.0187368898694329,0.00323954225235219,-0.00890255705227811));
#3699=CARTESIAN_POINT('',(-0.0189393039396937,0.00178801744886581,-0.0078257929563773));
#3700=CARTESIAN_POINT('',(-0.019030115152103,1.27762678567884E-5,-0.00733835388200898));
#3701=CARTESIAN_POINT('',(-0.0189402210633188,-0.0017818460414479,-0.00782086861494305));
#3702=CARTESIAN_POINT('',(-0.0187388391755363,-0.00322830038704119,-0.00889227703472557));
#3703=CARTESIAN_POINT('',(-0.0184905812950506,-0.00441911604955057,-0.010196376047059));
#3704=CARTESIAN_POINT('',(-0.0181179463503195,-0.00579096854911122,-0.0121256955248715));
#3705=CARTESIAN_POINT('',(-0.0176133096640891,-0.00718743071976404,-0.0146778694186644));
#3706=CARTESIAN_POINT('',(-0.0169625992530385,-0.00860242848120132,-0.0178530018863888));
#3707=CARTESIAN_POINT('',(-0.0162700060665117,-0.00984458638748912,-0.0211013719306648));
#3708=CARTESIAN_POINT('',(-0.0152915756091243,-0.0113358947665196,-0.025492940059153));
#3709=CARTESIAN_POINT('',(-0.0144975866710917,-0.0123088954085976,-0.0288120024773933));
#3710=CARTESIAN_POINT('',(-0.0139332823461344,-0.0129175710976521,-0.0310294134498372));
#3711=CARTESIAN_POINT('',(-0.0139332823461345,0.0129175710976521,-0.0310294134498371));
#3712=CARTESIAN_POINT('',(-0.0139332823461345,0.0129175710976521,-0.0310294134498371));
#3713=CARTESIAN_POINT('',(-0.0137968446051133,0.0130647369660608,-0.0315655400230627));
#3714=CARTESIAN_POINT('',(-0.0131515615877952,0.0137452017651786,-0.0323282400846055));
#3715=CARTESIAN_POINT('',(-0.0123003071445124,0.0144922135522714,-0.0325));
#3716=CARTESIAN_POINT('',(-0.01185704363446,0.0148462290245877,-0.0325));
#3717=CARTESIAN_POINT('',(-0.01185704363446,0.0148462290245877,-0.0325));
#3718=CARTESIAN_POINT('',(0.,6.93889390390723E-18,-0.0325));
#3719=CARTESIAN_POINT('',(0.01185704363446,0.0148462290245877,-0.0325));
#3720=CARTESIAN_POINT('',(0.01185704363446,0.0148462290245877,-0.0325));
#3721=CARTESIAN_POINT('',(0.0123002382473495,0.0144922685774678,-0.0325));
#3722=CARTESIAN_POINT('',(0.0131457297348896,0.0137507498246319,-0.032331641855716));
#3723=CARTESIAN_POINT('',(0.013796727502407,0.0130648632765768,-0.0315660001734028));
#3724=CARTESIAN_POINT('',(0.0139332823461349,0.0129175710976516,-0.0310294134498353));
#3725=CARTESIAN_POINT('',(0.0135538699987504,0.0133151270387095,0.05));
#3726=CARTESIAN_POINT('',(0.0135538699987504,0.0133151270387095,0.048));
#3727=CARTESIAN_POINT('',(0.0135538699987504,0.0133151270387095,0.0327623874929705));
#3728=CARTESIAN_POINT('',(0.0135538699987504,0.0133151270387095,0.048));
#3729=CARTESIAN_POINT('',(0.0135538699987504,0.0133151270387095,0.0483414565895365));
#3730=CARTESIAN_POINT('',(0.0133751477026494,0.0134995103688821,0.0489982244358656));
#3731=CARTESIAN_POINT('',(0.0125763958404397,0.0142649667996909,0.0498354741537947));
#3732=CARTESIAN_POINT('',(0.0117893589329852,0.0149153385975037,0.05));
#3733=CARTESIAN_POINT('',(0.0112448603276425,0.0153151270387095,0.05));
#3734=CARTESIAN_POINT('',(0.0112448603276425,0.0153151270387095,0.05));
#3735=CARTESIAN_POINT('',(0.,6.93889390390723E-18,0.05));
#3736=CARTESIAN_POINT('',(-0.0112448603276425,0.0153151270387095,0.05));
#3737=CARTESIAN_POINT('',(-0.0112448603276425,0.0153151270387095,0.05));
#3738=CARTESIAN_POINT('',(-0.0115170076037766,0.0151153077292816,0.05));
#3739=CARTESIAN_POINT('',(-0.012040478650827,0.0147089060327168,0.0499424453781156));
#3740=CARTESIAN_POINT('',(-0.0127748725195012,0.0140745847707536,0.0496290143321912));
#3741=CARTESIAN_POINT('',(-0.0133724653374433,0.0135022066234316,0.0490028003431513));
#3742=CARTESIAN_POINT('',(-0.0135538699987504,0.0133151270387095,0.0483419166991521));
#3743=CARTESIAN_POINT('',(-0.0135538699987504,0.0133151270387095,0.048));
#3744=CARTESIAN_POINT('',(-0.0135538699987504,0.0133151270387095,0.048));
#3745=CARTESIAN_POINT('',(-0.0135538699987504,0.0133151270387095,0.05));
#3746=CARTESIAN_POINT('',(-0.0135538699987504,0.0133151270387095,0.0327623874929705));
#3747=CARTESIAN_POINT('',(-0.0135538699987504,0.0133151270387095,0.0327623874929705));
#3748=CARTESIAN_POINT('',(-0.0135538699987504,0.0133151270387095,0.0325841787191386));
#3749=CARTESIAN_POINT('',(-0.0135769390413074,0.0132917494444232,0.0324120102733831));
#3750=CARTESIAN_POINT('',(-0.0136203517558647,0.0132471135741532,0.0322452530550683));
#3751=CARTESIAN_POINT('',(-0.0136203517558646,0.0132471135741532,0.0322452530550683));
#3752=CARTESIAN_POINT('',(-0.0136203517558647,0.0132471135741532,0.0322452530550683));
#3753=CARTESIAN_POINT('',(-0.0142111179865672,0.0126397024711523,0.029975997738719));
#3754=CARTESIAN_POINT('',(-0.0150390984708952,0.0116696274829886,0.0265775308969771));
#3755=CARTESIAN_POINT('',(-0.0160545412317392,0.0101923563171985,0.0220853418516548));
#3756=CARTESIAN_POINT('',(-0.0167754401087305,0.00896220385187023,0.0187453422990589));
#3757=CARTESIAN_POINT('',(-0.0174565144026284,0.00755977269430754,0.015454933774532));
#3758=CARTESIAN_POINT('',(-0.0179822579528586,0.00619608477371142,0.0128172724328542));
#3759=CARTESIAN_POINT('',(-0.0183741860115012,0.00487709123024146,0.0108018510718596));
#3760=CARTESIAN_POINT('',(-0.0186403695939863,0.00374805549333743,0.00941173937954074));
#3761=CARTESIAN_POINT('',(-0.0188692067299245,0.00239435213767772,0.00820026690961539));
#3762=CARTESIAN_POINT('',(-0.0190179993363497,0.000689794068968226,0.00740356000859502));
#3763=CARTESIAN_POINT('',(-0.0189902855389211,-0.00120186113512998,0.00755248697758046));
#3764=CARTESIAN_POINT('',(-0.0188108521487838,-0.00279880434450963,0.00851074809084409));
#3765=CARTESIAN_POINT('',(-0.0185680795983937,-0.00408806154729668,0.00979132206491039));
#3766=CARTESIAN_POINT('',(-0.018197186741727,-0.00554499107724289,0.011719961192219));
#3767=CARTESIAN_POINT('',(-0.0176848316486173,-0.0070147053537433,0.0143225161363877));
#3768=CARTESIAN_POINT('',(-0.0170242290201084,-0.00848241157127834,0.0175583229595488));
#3769=CARTESIAN_POINT('',(-0.0163191099610415,-0.00976476843778732,0.0208766527826356));
#3770=CARTESIAN_POINT('',(-0.0153214379298353,-0.0112984556448619,0.0253664911536427));
#3771=CARTESIAN_POINT('',(-0.014510476745427,-0.0122949917850898,0.0287613514527552));
#3772=CARTESIAN_POINT('',(-0.0139332823461345,-0.0129175710976521,0.0310294134498371));
#3773=CARTESIAN_POINT('',(-0.0139332823461345,-0.0129175710976521,0.0310294134498371));
#3774=CARTESIAN_POINT('',(-0.0139332823461344,-0.0129175710976521,0.0310294134498371));
#3775=CARTESIAN_POINT('',(-0.0137968446051133,-0.0130647369660607,0.0315655400230627));
#3776=CARTESIAN_POINT('',(-0.0131515615877952,-0.0137452017651786,0.0323282400846056));
#3777=CARTESIAN_POINT('',(-0.0123003071445124,-0.0144922135522714,0.0325));
#3778=CARTESIAN_POINT('',(-0.01185704363446,-0.0148462290245877,0.0325));
#3779=CARTESIAN_POINT('',(-0.01185704363446,-0.0148462290245877,0.0325));
#3780=CARTESIAN_POINT('',(0.,6.93889390390723E-18,0.0325));
#3781=CARTESIAN_POINT('',(0.01185704363446,-0.0148462290245877,0.0325));
#3782=CARTESIAN_POINT('',(0.01185704363446,-0.0148462290245877,0.0325));
#3783=CARTESIAN_POINT('',(0.0123002382473495,-0.0144922685774678,0.0325));
#3784=CARTESIAN_POINT('',(0.0131457297348902,-0.0137507498246314,0.0323316418557152));
#3785=CARTESIAN_POINT('',(0.0137967275024061,-0.0130648632765777,0.0315660001734044));
#3786=CARTESIAN_POINT('',(0.0139332823461345,-0.0129175710976521,0.0310294134498371));
#3787=CARTESIAN_POINT('',(0.0139332823461345,-0.0129175710976521,0.0310294134498371));
#3788=CARTESIAN_POINT('',(0.0139332823461345,-0.0129175710976521,0.031029413449837));
#3789=CARTESIAN_POINT('',(0.0145103539194683,-0.0122951242688787,0.0287618340923817));
#3790=CARTESIAN_POINT('',(0.0153211780754549,-0.0112984608634853,0.0253672955305477));
#3791=CARTESIAN_POINT('',(0.0163164271792242,-0.00976922351355247,0.0208890070826378));
#3792=CARTESIAN_POINT('',(0.0170242022872618,-0.00848292988562254,0.0175586818607738));
#3793=CARTESIAN_POINT('',(0.0176873912090365,-0.00700864042171713,0.0143098307506588));
#3794=CARTESIAN_POINT('',(0.0181996344009868,-0.00553702751510418,0.0117073306920897));
#3795=CARTESIAN_POINT('',(0.0185682757969161,-0.00408546479885919,0.00979021943369123));
#3796=CARTESIAN_POINT('',(0.0188081155169029,-0.00281612007163803,0.00852525811563755));
#3797=CARTESIAN_POINT('',(0.0189898406793753,-0.00121161860077543,0.00755490404566051));
#3798=CARTESIAN_POINT('',(0.0190182786013779,0.000676784478159458,0.0074020418516932));
#3799=CARTESIAN_POINT('',(0.0188711317991514,0.00238054130433214,0.0081900135329163));
#3800=CARTESIAN_POINT('',(0.0186411012235346,0.00374580931663042,0.00940794564718838));
#3801=CARTESIAN_POINT('',(0.018372690760883,0.00488302509969417,0.0108096409082388));
#3802=CARTESIAN_POINT('',(0.0179796704689452,0.00620360208462866,0.0128304329944637));
#3803=CARTESIAN_POINT('',(0.017454363164292,0.00756414329114692,0.015465339422554));
#3804=CARTESIAN_POINT('',(0.0167772475087667,0.00895854411738277,0.0187366165363912));
#3805=CARTESIAN_POINT('',(0.016056491376194,0.010189429563133,0.0220765993599273));
#3806=CARTESIAN_POINT('',(0.0150393475698032,0.0116694589037438,0.0265766551997628));
#3807=CARTESIAN_POINT('',(0.0142111516186906,0.0126396678914419,0.029975868550775));
#3808=CARTESIAN_POINT('',(0.0136203517558651,0.0132471135741528,0.0322452530550668));
#3809=CARTESIAN_POINT('',(0.0136203517558651,0.0132471135741528,0.0322452530550668));
#3810=CARTESIAN_POINT('',(0.013620351755872,0.0132471135741532,0.0322452530550683));
#3811=CARTESIAN_POINT('',(0.0135769390413148,0.0132917494444231,0.0324120102733829));
#3812=CARTESIAN_POINT('',(0.0135538699987504,0.0133151270387095,0.0325841787191382));
#3813=CARTESIAN_POINT('',(0.0135538699987504,0.0133151270387095,0.0327623874929705));
#3814=CARTESIAN_POINT('',(0.,0.,-0.0325));
#3815=CARTESIAN_POINT('',(0.,0.0148462290245877,-0.0325));
#3816=CARTESIAN_POINT('',(0.,0.0148462290245877,-0.0325));
#3817=CARTESIAN_POINT('',(0.,0.,0.0325));
#3818=CARTESIAN_POINT('',(0.,-0.0148462290245877,0.0325));
#3819=CARTESIAN_POINT('',(0.,-0.0148462290245877,0.0325));
#3820=CARTESIAN_POINT('',(0.,0.021,0.));
#3821=CARTESIAN_POINT('',(0.,0.021,2.14313189850787E-19));
#3822=CARTESIAN_POINT('',(0.,0.021,-0.0035));
#3823=CARTESIAN_POINT('',(0.,0.110993331789838,2.14313189850787E-19));
#3824=CARTESIAN_POINT('',(0.,0.,-0.0325));
#3825=CARTESIAN_POINT('',(0.,-0.0148462290245877,-0.0325));
#3826=CARTESIAN_POINT('',(0.,-0.0148462290245877,-0.0325));
#3827=CARTESIAN_POINT('',(0.,-0.110993331789838,2.14313189850787E-19));
#3828=CARTESIAN_POINT('',(0.,-0.021,2.14313189850787E-19));
#3829=CARTESIAN_POINT('',(0.,-0.021,-0.0035));
#3830=CARTESIAN_POINT('',(0.,-0.021,0.));
#3831=CARTESIAN_POINT('',(0.0155334667320737,0.0133151270387095,0.05));
#3832=CARTESIAN_POINT('',(0.0135538699987504,0.0133151270387095,0.048));
#3833=CARTESIAN_POINT('',(0.0155334667320737,0.0133151270387095,0.0327623874929705));
#3834=CARTESIAN_POINT('',(-0.0155334667320737,0.0133151270387095,0.05));
#3835=CARTESIAN_POINT('',(-0.0135538699987504,0.0133151270387095,0.0327623874929705));
#3836=CARTESIAN_POINT('',(-0.0155334667320737,0.0133151270387095,0.048));
#3837=CARTESIAN_POINT('',(0.,0.,0.05));
#3838=CARTESIAN_POINT('',(0.0175130634653971,0.0153151270387095,0.05));
#3839=CARTESIAN_POINT('',(0.,0.0153151270387095,0.05));
#3840=CARTESIAN_POINT('',(-0.0220520148674164,0.0129175710976512,-0.0310294134498336));
#3841=CARTESIAN_POINT('',(-0.0138848604821904,0.0129175710976512,-0.0310294134498336));
#3842=CARTESIAN_POINT('',(-0.0220520148674164,0.00430585703255037,0.000343137816611242));
#3843=CARTESIAN_POINT('',(-0.0138848604821904,0.00430585703255037,0.000343137816611242));
#3844=CARTESIAN_POINT('',(-0.0220520148674164,-0.00430585703255041,0.000343137816611197));
#3845=CARTESIAN_POINT('',(-0.0138848604821904,-0.00430585703255041,0.000343137816611197));
#3846=CARTESIAN_POINT('',(-0.0220520148674164,-0.0129175710976512,-0.0310294134498337));
#3847=CARTESIAN_POINT('',(-0.0138848604821904,-0.0129175710976512,-0.0310294134498337));
#3848=CARTESIAN_POINT('',(-0.0139332823461394,-0.0129175710976521,-0.0310294134498371));
#3849=CARTESIAN_POINT('',(-0.0178083226873589,0.0129175710976521,-0.0310294134498371));
#3850=CARTESIAN_POINT('',(0.013884853551684,0.0129175710976512,-0.0310294134498337));
#3851=CARTESIAN_POINT('',(0.0220531768823227,0.0129175710976512,-0.0310294134498337));
#3852=CARTESIAN_POINT('',(0.013884853551684,0.00430585703255041,0.000343137816611202));
#3853=CARTESIAN_POINT('',(0.0220531768823227,0.00430585703255041,0.000343137816611202));
#3854=CARTESIAN_POINT('',(0.013884853551684,-0.00430585703255038,0.000343137816611238));
#3855=CARTESIAN_POINT('',(0.0220531768823227,-0.00430585703255038,0.000343137816611238));
#3856=CARTESIAN_POINT('',(0.013884853551684,-0.0129175710976512,-0.0310294134498336));
#3857=CARTESIAN_POINT('',(0.0220531768823227,-0.0129175710976512,-0.0310294134498336));
#3858=CARTESIAN_POINT('',(0.0178083226873589,-0.0129175710976521,-0.0310294134498371));
#3859=CARTESIAN_POINT('',(0.0139332823461393,0.0129175710976521,-0.0310294134498371));
#3860=CARTESIAN_POINT('',(-0.0220538924509581,0.0132471135741557,0.0322452530550778));
#3861=CARTESIAN_POINT('',(-0.013570052308379,0.0132471135741557,0.0322452530550778));
#3862=CARTESIAN_POINT('',(-0.0220538924509581,0.00452555201688675,-0.000338033343418033));
#3863=CARTESIAN_POINT('',(-0.013570052308379,0.00452555201688675,-0.000338033343418033));
#3864=CARTESIAN_POINT('',(-0.0220538924509581,-0.0041960095403822,-0.00074331321183276));
#3865=CARTESIAN_POINT('',(-0.013570052308379,-0.0041960095403822,-0.00074331321183276));
#3866=CARTESIAN_POINT('',(-0.0220538924509581,-0.0129175710976512,0.0310294134498336));
#3867=CARTESIAN_POINT('',(-0.013570052308379,-0.0129175710976512,0.0310294134498336));
#3868=CARTESIAN_POINT('',(-0.0136203517558646,0.0132471135741532,0.0322452530550683));
#3869=CARTESIAN_POINT('',(-0.0178083226873589,-0.0129175710976521,0.0310294134498371));
#3870=CARTESIAN_POINT('',(0.013570045377873,0.0132471135741553,0.0322452530550763));
#3871=CARTESIAN_POINT('',(0.0220550544658643,0.0132471135741553,0.0322452530550763));
#3872=CARTESIAN_POINT('',(0.013570045377873,0.0045255520168865,-0.000338033343418042));
#3873=CARTESIAN_POINT('',(0.0220550544658643,0.0045255520168865,-0.000338033343418042));
#3874=CARTESIAN_POINT('',(0.013570045377873,-0.00419600954038233,-0.000743313211832294));
#3875=CARTESIAN_POINT('',(0.0220550544658643,-0.00419600954038233,-0.000743313211832294));
#3876=CARTESIAN_POINT('',(0.013570045377873,-0.0129175710976512,0.0310294134498336));
#3877=CARTESIAN_POINT('',(0.0220550544658643,-0.0129175710976512,0.0310294134498336));
#3878=CARTESIAN_POINT('',(0.0139332823461345,-0.0129175710976521,0.0310294134498371));
#3879=CARTESIAN_POINT('',(0.0175645660906693,0.0132471135741532,0.0322452530550684));
#3880=CARTESIAN_POINT('',(0.0155334667320738,-0.0148462290245877,-0.0305));
#3881=CARTESIAN_POINT('',(-0.0155334667320737,-0.0148462290245877,-0.0305));
#3882=CARTESIAN_POINT('',(-0.0155334667320737,0.0148462290245877,-0.0305));
#3883=CARTESIAN_POINT('',(0.0155334667320738,0.0148462290245877,-0.0305));
#3884=CARTESIAN_POINT('',(0.,0.0153151270387095,0.048));
#3885=CARTESIAN_POINT('',(0.0155334667320737,-0.0148462290245877,0.0305));
#3886=CARTESIAN_POINT('',(0.0155334667320737,0.0113151270387095,0.0327623874929705));
#3887=CARTESIAN_POINT('',(-0.0155334667320737,0.0113151270387095,0.0327623874929705));
#3888=CARTESIAN_POINT('',(-0.0155334667320737,0.0153151270387095,0.048));
#3889=CARTESIAN_POINT('',(-0.0155334667320737,-0.0148462290245877,0.0305));
#3890=CARTESIAN_POINT('',(0.,0.,0.));
#3891=CARTESIAN_POINT('',(0.048,0.,2.14313189850787E-19));
#3892=CARTESIAN_POINT('',(0.034,0.,2.14313189850787E-19));
#3893=CARTESIAN_POINT('',(0.034,0.,-0.0035));
#3894=CARTESIAN_POINT('',(0.048,0.,2.14313189850787E-19));
#3895=CARTESIAN_POINT('',(0.048,0.0035,0.));
#3896=CARTESIAN_POINT('',(0.048,-0.0035,0.));
#3897=CARTESIAN_POINT('',(0.048,0.0035,0.));
#3898=CARTESIAN_POINT('',(0.0478722257681842,0.0035,0.));
#3899=CARTESIAN_POINT('',(0.0478722257681842,-0.0035,-5.55111512312578E-17));
#3900=CARTESIAN_POINT('',(0.0478722257681842,-0.00349999999999999,-0.000925145263667358));
#3901=CARTESIAN_POINT('',(0.0479362153626447,-0.00274159058244999,-0.00273751033483729));
#3902=CARTESIAN_POINT('',(0.0480318546408154,-3.39799385794188E-6,-0.00388051570478956));
#3903=CARTESIAN_POINT('',(0.0479363657058806,0.00274061921797268,-0.00274042179622127));
#3904=CARTESIAN_POINT('',(0.0478722257681842,0.00349999999999999,-0.000925144111833789));
#3905=CARTESIAN_POINT('',(0.0478722257681842,0.0035,-5.54403862723584E-17));
#3906=CARTESIAN_POINT('',(0.0478722257681842,-0.0035,0.));
#3907=CARTESIAN_POINT('',(0.048,-0.0035,0.));
#3908=CARTESIAN_POINT('',(0.048,0.,0.));
#3909=CARTESIAN_POINT('',(0.048,0.,0.));
#3910=CARTESIAN_POINT('',(0.048,2.93915231795365E-18,0.));
#3911=CARTESIAN_POINT('',(0.048,0.,0.));
#3912=CARTESIAN_POINT('',(0.034,0.,0.));
#3913=CARTESIAN_POINT('',(0.,2.93915231795365E-18,-0.17983975282194));
#3914=CARTESIAN_POINT('',(0.,2.93915231795365E-18,0.));
#3915=CARTESIAN_POINT('',(0.,2.93915231795365E-18,0.));
#3916=CARTESIAN_POINT('',(0.,0.,0.));
#3917=CARTESIAN_POINT('',(0.,0.,0.));
#3918=CARTESIAN_POINT('',(0.,0.,0.));
#3919=CARTESIAN_POINT('',(0.03825,0.009,0.015));
#3920=CARTESIAN_POINT('',(0.0445,0.009,0.015));
#3921=CARTESIAN_POINT('',(0.0445,0.00668954408012983,0.015));
#3922=CARTESIAN_POINT('',(0.0445,-0.00668954408012983,0.015));
#3923=CARTESIAN_POINT('',(0.,2.75545529808154E-18,0.015));
#3924=CARTESIAN_POINT('',(0.0433704968844029,-0.012,0.015));
#3925=CARTESIAN_POINT('',(0.03825,-0.012,0.015));
#3926=CARTESIAN_POINT('',(0.0360555127546399,-0.012,0.015));
#3927=CARTESIAN_POINT('',(2.8796409701215E-16,-3.46944695195361E-18,0.015));
#3928=CARTESIAN_POINT('',(0.0369188298839494,0.009,0.015));
#3929=CARTESIAN_POINT('',(0.03825,0.009,0.015));
#3930=CARTESIAN_POINT('',(0.0440908153700972,0.009,0.015));
#3931=CARTESIAN_POINT('',(0.,2.75545529808154E-18,0.015));
#3932=CARTESIAN_POINT('',(0.041375,0.009,0.0199));
#3933=CARTESIAN_POINT('',(0.035125,-0.009,0.0199));
#3934=CARTESIAN_POINT('',(0.032,-0.009,0.0199));
#3935=CARTESIAN_POINT('',(0.0440908153700972,-0.009,0.0199));
#3936=CARTESIAN_POINT('',(0.,2.75545529808154E-18,0.0199));
#3937=CARTESIAN_POINT('',(0.0445,-0.00668954408012993,0.0199));
#3938=CARTESIAN_POINT('',(0.0445,0.009,0.0199));
#3939=CARTESIAN_POINT('',(0.0445,0.00668954408012987,0.0199));
#3940=CARTESIAN_POINT('',(0.,2.75545529808154E-18,0.0199));
#3941=CARTESIAN_POINT('',(0.0440908153700972,0.009,0.0199));
#3942=CARTESIAN_POINT('',(0.041375,0.009,0.0199));
#3943=CARTESIAN_POINT('',(0.032,0.009,0.0199));
#3944=CARTESIAN_POINT('',(0.032,0.009,0.0199));
#3945=CARTESIAN_POINT('',(0.032,0.0030310720562323,0.0199));
#3946=CARTESIAN_POINT('',(0.03185,0.0030310720562323,0.0199));
#3947=CARTESIAN_POINT('',(0.031853061732285,0.0030310720562323,0.0199));
#3948=CARTESIAN_POINT('',(0.03185,0.009,0.0199));
#3949=CARTESIAN_POINT('',(0.031853061732285,-0.00303107205623228,0.0199));
#3950=CARTESIAN_POINT('',(0.03185,-0.00303107205623228,0.0199));
#3951=CARTESIAN_POINT('',(0.032,-0.00303107205623228,0.0199));
#3952=CARTESIAN_POINT('',(0.032,0.009,0.0199));
#3953=CARTESIAN_POINT('',(0.0445,0.009,0.01745));
#3954=CARTESIAN_POINT('',(0.0445,0.009,0.0419));
#3955=CARTESIAN_POINT('',(0.0445,0.00668954408012993,0.0419));
#3956=CARTESIAN_POINT('',(0.0445,-0.00668954408012993,0.0419));
#3957=CARTESIAN_POINT('',(0.0445,0.00668954408012993,0.171003391685176));
#3958=CARTESIAN_POINT('',(0.0445,0.00668954408012987,0.0468));
#3959=CARTESIAN_POINT('',(0.0445,0.009,0.0468));
#3960=CARTESIAN_POINT('',(0.0445,-0.00668954408012986,0.0468));
#3961=CARTESIAN_POINT('',(0.0445,-0.00668954408012993,0.171003391685176));
#3962=CARTESIAN_POINT('',(0.035125,0.009,0.0419));
#3963=CARTESIAN_POINT('',(0.034175,0.009,0.0419));
#3964=CARTESIAN_POINT('',(0.034175,-0.009,0.0419));
#3965=CARTESIAN_POINT('',(0.034175,-0.004,0.0419));
#3966=CARTESIAN_POINT('',(0.035125,-0.009,0.0419));
#3967=CARTESIAN_POINT('',(0.032,-0.009,0.0419));
#3968=CARTESIAN_POINT('',(0.032,0.009,0.0419));
#3969=CARTESIAN_POINT('',(0.032,-0.00303107205623228,0.0419));
#3970=CARTESIAN_POINT('',(0.03185,-0.00303107205623228,0.0419));
#3971=CARTESIAN_POINT('',(0.031853061732285,-0.00303107205623228,0.0419));
#3972=CARTESIAN_POINT('',(0.03185,0.009,0.0419));
#3973=CARTESIAN_POINT('',(0.031853061732285,0.0030310720562323,0.0419));
#3974=CARTESIAN_POINT('',(0.03185,0.0030310720562323,0.0419));
#3975=CARTESIAN_POINT('',(0.032,0.0030310720562323,0.0419));
#3976=CARTESIAN_POINT('',(0.032,0.009,0.0419));
#3977=CARTESIAN_POINT('',(0.032,0.009,0.0419));
#3978=CARTESIAN_POINT('',(0.035125,0.009,0.0419));
#3979=CARTESIAN_POINT('',(0.0440908153700972,0.009,0.0419));
#3980=CARTESIAN_POINT('',(0.,2.75545529808154E-18,0.0419));
#3981=CARTESIAN_POINT('',(0.,2.75545529808154E-18,0.0419));
#3982=CARTESIAN_POINT('',(0.0440908153700972,-0.009,0.0419));
#3983=CARTESIAN_POINT('',(0.035125,-0.009,0.0419));
#3984=CARTESIAN_POINT('',(0.042175,-0.009,0.0419));
#3985=CARTESIAN_POINT('',(0.042175,0.009,0.0419));
#3986=CARTESIAN_POINT('',(0.042175,-0.004,0.0419));
#3987=CARTESIAN_POINT('',(0.035125,-0.004,0.0419));
#3988=CARTESIAN_POINT('',(0.03825,0.009,0.0468));
#3989=CARTESIAN_POINT('',(0.03825,-0.009,0.0468));
#3990=CARTESIAN_POINT('',(0.034175,-0.009,0.0468));
#3991=CARTESIAN_POINT('',(0.042175,-0.009,0.0468));
#3992=CARTESIAN_POINT('',(0.034175,0.009,0.0468));
#3993=CARTESIAN_POINT('',(0.034175,-0.004,0.0468));
#3994=CARTESIAN_POINT('',(0.03825,-0.004,0.0468));
#3995=CARTESIAN_POINT('',(0.042175,-0.004,0.0468));
#3996=CARTESIAN_POINT('',(0.042175,0.009,0.0468));
#3997=CARTESIAN_POINT('',(0.03825,-0.012,0.0468));
#3998=CARTESIAN_POINT('',(0.0296647939483826,-0.012,0.0468));
#3999=CARTESIAN_POINT('',(0.0433704968844029,-0.012,0.0468));
#4000=CARTESIAN_POINT('',(0.,2.75545529808154E-18,0.0468));
#4001=CARTESIAN_POINT('',(0.,2.75545529808154E-18,0.0468));
#4002=CARTESIAN_POINT('',(0.0440908153700972,0.009,0.0468));
#4003=CARTESIAN_POINT('',(0.03825,0.009,0.0468));
#4004=CARTESIAN_POINT('',(0.0307083050655682,0.009,0.0468));
#4005=CARTESIAN_POINT('',(-1.90819582357449E-17,2.21177243187043E-17,0.0468));
#4006=CARTESIAN_POINT('',(0.031853061732285,0.0030310720562323,0.0468));
#4007=CARTESIAN_POINT('',(0.03185,0.009,0.0468));
#4008=CARTESIAN_POINT('',(0.031853061732285,-0.00303107205623228,0.0468));
#4009=CARTESIAN_POINT('',(-1.90819582357449E-17,2.21177243187043E-17,0.0468));
#4010=CARTESIAN_POINT('',(0.031928061732285,-0.00303107205623228,0.046802));
#4011=CARTESIAN_POINT('',(0.03185612346457,-0.00303107205623229,0.046802));
#4012=CARTESIAN_POINT('',(0.032,-0.00303107205623228,0.046802));
#4013=CARTESIAN_POINT('',(0.031928061732285,0.0030310720562323,0.046802));
#4014=CARTESIAN_POINT('',(0.03185612346457,0.00303107205623229,0.046802));
#4015=CARTESIAN_POINT('',(0.032,0.0030310720562323,0.046802));
#4016=CARTESIAN_POINT('',(0.,0.,0.015));
#4017=CARTESIAN_POINT('',(-1.90819582357449E-17,2.21177243187043E-17,0.015));
#4018=CARTESIAN_POINT('',(0.0307083050655682,0.009,0.015));
#4019=CARTESIAN_POINT('',(0.0296647939483826,-0.012,0.015));
#4020=CARTESIAN_POINT('',(0.03825,0.009,0.015));
#4021=CARTESIAN_POINT('',(0.0338230690505755,0.009,0.015));
#4022=CARTESIAN_POINT('',(2.8796409701215E-16,-3.46944695195361E-18,0.015));
#4023=CARTESIAN_POINT('',(0.0328785644455472,-0.012,0.015));
#4024=CARTESIAN_POINT('',(0.03825,-0.012,0.015));
#4025=CARTESIAN_POINT('',(2.8796409701215E-16,-3.46944695195361E-18,0.015));
#4026=CARTESIAN_POINT('',(-0.0027457164715395,0.034912278428651,-0.00274042926212324));
#4027=CARTESIAN_POINT('',(6.87302746172019E-7,0.0350438189963885,-0.00387957273033715));
#4028=CARTESIAN_POINT('',(0.00274296726055481,0.0349124455857951,-0.00274127981652815));
#4029=CARTESIAN_POINT('',(0.00387820792697872,0.034780632876812,-3.02838545221864E-6));
#4030=CARTESIAN_POINT('',(0.00274419789354496,0.0349123850147268,0.00274191314166937));
#4031=CARTESIAN_POINT('',(6.85420487291702E-7,0.035043712371039,0.0038781729105895));
#4032=CARTESIAN_POINT('',(-0.0027392224664063,0.0349127653593226,0.00274539379802563));
#4033=CARTESIAN_POINT('',(-0.00387876288760876,0.0347805797400925,3.7556644666293E-6));
#4034=CARTESIAN_POINT('',(-0.0027457164715395,0.034912278428651,-0.00274042926212324));
#4035=CARTESIAN_POINT('',(6.87302746172019E-7,0.0350438189963885,-0.00387957273033715));
#4036=CARTESIAN_POINT('',(0.00274296726055481,0.0349124455857951,-0.00274127981652815));
#4037=CARTESIAN_POINT('',(-1.20622743492939E-19,0.035,-0.0035));
#4038=CARTESIAN_POINT('',(0.00274571647153951,-0.0349122784286511,-0.00274042926212324));
#4039=CARTESIAN_POINT('',(-6.87302746174242E-7,-0.0350438189963885,-0.00387957273033715));
#4040=CARTESIAN_POINT('',(-0.00274296726055481,-0.0349124455857951,-0.00274127981652815));
#4041=CARTESIAN_POINT('',(-0.00387820792697872,-0.0347806328768119,-3.0283854522224E-6));
#4042=CARTESIAN_POINT('',(-0.00274419789354496,-0.0349123850147267,0.00274191314166936));
#4043=CARTESIAN_POINT('',(-6.85420487302452E-7,-0.035043712371039,0.0038781729105895));
#4044=CARTESIAN_POINT('',(0.0027392224664063,-0.0349127653593226,0.00274539379802563));
#4045=CARTESIAN_POINT('',(0.00387876288760876,-0.0347805797400926,3.7556644666381E-6));
#4046=CARTESIAN_POINT('',(0.00274571647153951,-0.0349122784286511,-0.00274042926212324));
#4047=CARTESIAN_POINT('',(-6.87302746174242E-7,-0.0350438189963885,-0.00387957273033715));
#4048=CARTESIAN_POINT('',(-0.00274296726055481,-0.0349124455857951,-0.00274127981652815));
#4049=CARTESIAN_POINT('',(1.71423213681969E-19,-0.035,-0.0035));
#4050=CARTESIAN_POINT('',(2.8796409701215E-16,-3.46944695195361E-18,-0.0250289499163628));
#4051=CARTESIAN_POINT('',(0.0342599121889726,-0.00715949836258704,-0.00784615384615385));
#4052=CARTESIAN_POINT('',(0.0326303095481434,-0.012659498362587,0.00535384615384616));
#4053=CARTESIAN_POINT('',(0.0342599121889726,-0.00715949836258704,-0.00784615384615385));
#4054=CARTESIAN_POINT('',(0.0343001741620192,-0.00696683519105288,-0.00830854545783585));
#4055=CARTESIAN_POINT('',(0.0343289152546806,-0.00681935061889286,-0.00931849133689944));
#4056=CARTESIAN_POINT('',(0.0342233757943035,-0.00734897412957764,-0.0107652614305888));
#4057=CARTESIAN_POINT('',(0.0339639367292574,-0.00849000597339186,-0.0117678120006137));
#4058=CARTESIAN_POINT('',(0.0337046279167886,-0.00944723168171037,-0.012));
#4059=CARTESIAN_POINT('',(0.0335621861300332,-0.00992872913181781,-0.012));
#4060=CARTESIAN_POINT('',(0.0335621861300332,-0.00992872913181781,-0.012));
#4061=CARTESIAN_POINT('',(2.8796409701215E-16,-3.46944695195361E-18,-0.012));
#4062=CARTESIAN_POINT('',(0.028053311692686,-0.0209287291318178,-0.012));
#4063=CARTESIAN_POINT('',(0.028053311692686,-0.0209287291318178,-0.012));
#4064=CARTESIAN_POINT('',(0.0277201175504988,-0.0213753496153686,-0.012));
#4065=CARTESIAN_POINT('',(0.0270414077655966,-0.0222395875010316,-0.0118025670818331));
#4066=CARTESIAN_POINT('',(0.0260877285356043,-0.0233445995869748,-0.0109732972884873));
#4067=CARTESIAN_POINT('',(0.0254305672180005,-0.0240479779581842,-0.00950115175894312));
#4068=CARTESIAN_POINT('',(0.0255696445941833,-0.0239012464939992,-0.0083340416692352));
#4069=CARTESIAN_POINT('',(0.025756682560615,-0.0236979599010486,-0.00784615384615385));
#4070=CARTESIAN_POINT('',(0.025756682560615,-0.0236979599010486,-0.00784615384615384));
#4071=CARTESIAN_POINT('',(2.8796409701215E-16,-3.46944695195361E-18,0.0490289499163628));
#4072=CARTESIAN_POINT('',(0.0298970609833112,-0.0181979599010486,0.00535384615384615));
#4073=CARTESIAN_POINT('',(0.0298970609833112,-0.0181979599010486,0.00535384615384616));
#4074=CARTESIAN_POINT('',(0.0301888514716468,-0.0177185831977502,0.00650435024176243));
#4075=CARTESIAN_POINT('',(0.0311503639090582,-0.0160595084940049,0.00751867765043393));
#4076=CARTESIAN_POINT('',(0.0322002562006069,-0.0137503364525152,0.00689972333336742));
#4077=CARTESIAN_POINT('',(0.0325358439629077,-0.0129029867852402,0.00593821836821379));
#4078=CARTESIAN_POINT('',(0.0326303095481434,-0.012659498362587,0.00535384615384616));
#4079=CARTESIAN_POINT('',(2.8796409701215E-16,-3.46944695195361E-18,-0.0250289499163628));
#4080=CARTESIAN_POINT('',(0.0342599121889726,0.00715949836258705,-0.00784615384615384));
#4081=CARTESIAN_POINT('',(0.0326303095481434,0.0126594983625871,0.00535384615384619));
#4082=CARTESIAN_POINT('',(0.0326303095481434,0.012659498362587,0.00535384615384616));
#4083=CARTESIAN_POINT('',(0.0325359079924701,0.0129028217467542,0.00593782227584745));
#4084=CARTESIAN_POINT('',(0.0322036616555629,0.0137441598668377,0.00689735084844406));
#4085=CARTESIAN_POINT('',(0.0314075839952218,0.015488354977476,0.00736289668298435));
#4086=CARTESIAN_POINT('',(0.0305213184557918,0.0171586257229036,0.00684882450629967));
#4087=CARTESIAN_POINT('',(0.0300429286610321,0.0179583168377585,0.00592898950574239));
#4088=CARTESIAN_POINT('',(0.0298970609833112,0.0181979599010486,0.00535384615384616));
#4089=CARTESIAN_POINT('',(0.0298970609833112,0.0181979599010486,0.00535384615384616));
#4090=CARTESIAN_POINT('',(2.8796409701215E-16,-3.46944695195361E-18,0.0490289499163628));
#4091=CARTESIAN_POINT('',(0.025756682560615,0.0236979599010486,-0.00784615384615383));
#4092=CARTESIAN_POINT('',(0.025756682560615,0.0236979599010486,-0.00784615384615385));
#4093=CARTESIAN_POINT('',(0.025570134293802,0.0239007142525033,-0.00833276428964508));
#4094=CARTESIAN_POINT('',(0.0254306909672873,0.0240478146537385,-0.00949757654902982));
#4095=CARTESIAN_POINT('',(0.0260837170655728,0.0233490132957752,-0.0109678034571331));
#4096=CARTESIAN_POINT('',(0.0270390519640821,0.0222426165072283,-0.0118022396340964));
#4097=CARTESIAN_POINT('',(0.0277205862932408,0.0213747213026716,-0.012));
#4098=CARTESIAN_POINT('',(0.028053311692686,0.0209287291318178,-0.012));
#4099=CARTESIAN_POINT('',(0.028053311692686,0.0209287291318178,-0.012));
#4100=CARTESIAN_POINT('',(2.8796409701215E-16,-3.46944695195361E-18,-0.012));
#4101=CARTESIAN_POINT('',(0.0335621861300332,0.00992872913181782,-0.012));
#4102=CARTESIAN_POINT('',(0.0335621861300332,0.00992872913181781,-0.012));
#4103=CARTESIAN_POINT('',(0.0337046450267802,0.00944717384462811,-0.012));
#4104=CARTESIAN_POINT('',(0.0339636725460367,0.00849091438268839,-0.0117675682109834));
#4105=CARTESIAN_POINT('',(0.0342227139576594,0.00735208515056788,-0.0107693554842485));
#4106=CARTESIAN_POINT('',(0.0343290174755766,0.00681889023035525,-0.00932122171857428));
#4107=CARTESIAN_POINT('',(0.034300184148936,0.00696678740126679,-0.00830866015332247));
#4108=CARTESIAN_POINT('',(0.0342599121889726,0.00715949836258705,-0.00784615384615385));
#4109=CARTESIAN_POINT('',(2.8796409701215E-16,-3.46944695195361E-18,0.0490289499163628));
#4110=CARTESIAN_POINT('',(-0.0257566825606144,0.0236979599010486,-0.00784615384615386));
#4111=CARTESIAN_POINT('',(-0.0298970609833106,0.0181979599010486,0.00535384615384614));
#4112=CARTESIAN_POINT('',(-0.0298970609833106,0.0181979599010486,0.00535384615384616));
#4113=CARTESIAN_POINT('',(-0.0301888514716462,0.0177185831977502,0.00650435024176243));
#4114=CARTESIAN_POINT('',(-0.0311503639090577,0.016059508494005,0.00751867765043393));
#4115=CARTESIAN_POINT('',(-0.0322002562006063,0.0137503364525152,0.00689972333336743));
#4116=CARTESIAN_POINT('',(-0.0325358439629071,0.0129029867852402,0.00593821836821378));
#4117=CARTESIAN_POINT('',(-0.0326303095481427,0.012659498362587,0.00535384615384615));
#4118=CARTESIAN_POINT('',(-0.0326303095481427,0.0126594983625871,0.00535384615384617));
#4119=CARTESIAN_POINT('',(2.8796409701215E-16,-3.46944695195361E-18,-0.0250289499163628));
#4120=CARTESIAN_POINT('',(-0.034259912188972,0.00715949836258704,-0.00784615384615386));
#4121=CARTESIAN_POINT('',(-0.034259912188972,0.00715949836258705,-0.00784615384615385));
#4122=CARTESIAN_POINT('',(-0.0343001741620186,0.00696683519105289,-0.00830854545783585));
#4123=CARTESIAN_POINT('',(-0.03432891525468,0.00681935061889285,-0.00931849133689945));
#4124=CARTESIAN_POINT('',(-0.0342233757943029,0.00734897412957765,-0.0107652614305888));
#4125=CARTESIAN_POINT('',(-0.0339639367292568,0.00849000597339186,-0.0117678120006137));
#4126=CARTESIAN_POINT('',(-0.033704627916788,0.00944723168171037,-0.012));
#4127=CARTESIAN_POINT('',(-0.0335621861300326,0.00992872913181781,-0.012));
#4128=CARTESIAN_POINT('',(-0.0335621861300326,0.00992872913181781,-0.012));
#4129=CARTESIAN_POINT('',(2.8796409701215E-16,-3.46944695195361E-18,-0.012));
#4130=CARTESIAN_POINT('',(-0.0280533116926855,0.0209287291318178,-0.012));
#4131=CARTESIAN_POINT('',(-0.0280533116926855,0.0209287291318178,-0.012));
#4132=CARTESIAN_POINT('',(-0.0277201175504983,0.0213753496153685,-0.012));
#4133=CARTESIAN_POINT('',(-0.027041407765596,0.0222395875010315,-0.0118025670818331));
#4134=CARTESIAN_POINT('',(-0.0260877285356037,0.0233445995869748,-0.0109732972884873));
#4135=CARTESIAN_POINT('',(-0.0254305672179999,0.0240479779581842,-0.00950115175894316));
#4136=CARTESIAN_POINT('',(-0.0255696445941827,0.0239012464939992,-0.0083340416692352));
#4137=CARTESIAN_POINT('',(-0.0257566825606144,0.0236979599010486,-0.00784615384615384));
#4138=CARTESIAN_POINT('',(0.0349122784286517,0.00274571647153952,0.00274042926212322));
#4139=CARTESIAN_POINT('',(0.0350438189963872,-6.87302746171857E-7,0.00387957273033717));
#4140=CARTESIAN_POINT('',(0.0349124455857958,-0.00274296726055485,0.00274127981652811));
#4141=CARTESIAN_POINT('',(0.0347806328768121,-0.0038782079269787,3.02838545220918E-6));
#4142=CARTESIAN_POINT('',(0.0349123850147271,-0.00274419789354499,-0.00274191314166933));
#4143=CARTESIAN_POINT('',(0.0350437123710392,-6.85420487283983E-7,-0.00387817291058951));
#4144=CARTESIAN_POINT('',(0.0349127653593229,0.00273922246640633,-0.0027453937980256));
#4145=CARTESIAN_POINT('',(0.0347805797400927,0.00387876288760874,-3.75566446662013E-6));
#4146=CARTESIAN_POINT('',(0.0349122784286517,0.00274571647153952,0.00274042926212322));
#4147=CARTESIAN_POINT('',(0.0350438189963872,-6.87302746171857E-7,0.00387957273033717));
#4148=CARTESIAN_POINT('',(0.0349124455857958,-0.00274296726055485,0.00274127981652811));
#4149=CARTESIAN_POINT('',(0.0349999999999995,-3.28447617419925E-18,0.0035));
#4150=CARTESIAN_POINT('',(-0.0349122784286509,0.00274571647153949,0.00274042926212326));
#4151=CARTESIAN_POINT('',(-0.0350438189963876,-6.87302746172453E-7,0.00387957273033715));
#4152=CARTESIAN_POINT('',(-0.034912445585795,-0.00274296726055482,0.00274127981652815));
#4153=CARTESIAN_POINT('',(-0.0347806328768116,-0.00387820792697872,3.02838545221942E-6));
#4154=CARTESIAN_POINT('',(-0.0349123850147265,-0.00274419789354496,-0.00274191314166937));
#4155=CARTESIAN_POINT('',(-0.0350437123710387,-6.85420487296731E-7,-0.0038781729105895));
#4156=CARTESIAN_POINT('',(-0.0349127653593223,0.0027392224664063,-0.00274539379802563));
#4157=CARTESIAN_POINT('',(-0.0347805797400922,0.00387876288760876,-3.75566446663618E-6));
#4158=CARTESIAN_POINT('',(-0.0349122784286509,0.00274571647153949,0.00274042926212326));
#4159=CARTESIAN_POINT('',(-0.0350438189963876,-6.87302746172453E-7,0.00387957273033715));
#4160=CARTESIAN_POINT('',(-0.034912445585795,-0.00274296726055482,0.00274127981652815));
#4161=CARTESIAN_POINT('',(-0.0349999999999995,-3.28447617419925E-18,0.0035));
#4162=CARTESIAN_POINT('',(0.0338230690505755,0.009,0.015));
#4163=CARTESIAN_POINT('',(0.0338230690505755,0.009,0.012));
#4164=CARTESIAN_POINT('',(2.8796409701215E-16,-3.46944695195361E-18,0.012));
#4165=CARTESIAN_POINT('',(0.0328785644455472,-0.012,0.012));
#4166=CARTESIAN_POINT('',(0.0328785644455472,-0.012,0.012));
#4167=CARTESIAN_POINT('',(0.0342814331541425,-0.00705573106758356,-0.03));
#4168=CARTESIAN_POINT('',(0.0342814331541424,-0.00705573106758356,-0.031072702281869));
#4169=CARTESIAN_POINT('',(0.0343540458902501,-0.00671370928278786,-0.0331793190058876));
#4170=CARTESIAN_POINT('',(0.0347151596840884,-0.00474572155950042,-0.0369991185312621));
#4171=CARTESIAN_POINT('',(0.0350000000000003,-0.00203012044131246,-0.0389312945031211));
#4172=CARTESIAN_POINT('',(0.0350000000000003,9.07291673096056E-19,-0.0395567400536798));
#4173=CARTESIAN_POINT('',(0.0342814331541424,-0.00705573106758356,-0.03));
#4174=CARTESIAN_POINT('',(0.035,3.76686373608839E-18,-0.0395567400536798));
#4175=CARTESIAN_POINT('',(0.0350000000000003,-9.47516935212076E-18,-0.0395567400536798));
#4176=CARTESIAN_POINT('',(0.0350000000000003,0.00203829892024332,-0.0389287748529794));
#4177=CARTESIAN_POINT('',(0.034613073907081,0.00564673326554494,-0.0363539964333688));
#4178=CARTESIAN_POINT('',(0.0342814331541424,0.00705573106758356,-0.0321422207378628));
#4179=CARTESIAN_POINT('',(0.0342814331541424,0.00705573106758356,-0.03));
#4180=CARTESIAN_POINT('',(0.0342814331541424,0.00705573106758356,-0.03));
#4181=CARTESIAN_POINT('',(0.0342814331541424,0.00705573106758356,-0.04));
#4182=CARTESIAN_POINT('',(0.0342814331541424,0.00705573106758356,-0.025));
#4183=CARTESIAN_POINT('',(0.0342814331541424,0.00705573106758356,-0.025));
#4184=CARTESIAN_POINT('',(0.0342814331541424,0.00705573106758356,-0.0236262380673755));
#4185=CARTESIAN_POINT('',(0.034172079896296,0.00762206410617083,-0.0209194575196651));
#4186=CARTESIAN_POINT('',(0.0335888174076691,0.00999824422956458,-0.017536891108206));
#4187=CARTESIAN_POINT('',(0.0324145898658164,0.0133959169508841,-0.0154315497631992));
#4188=CARTESIAN_POINT('',(0.0312314145934324,0.0158581115585503,-0.015));
#4189=CARTESIAN_POINT('',(0.0305630829228705,0.0170557310675835,-0.015));
#4190=CARTESIAN_POINT('',(0.0305630829228705,0.0170557310675835,-0.015));
#4191=CARTESIAN_POINT('',(2.8796409701215E-16,-3.46944695195361E-18,-0.015));
#4192=CARTESIAN_POINT('',(0.0305630829228705,-0.0170557310675835,-0.015));
#4193=CARTESIAN_POINT('',(0.0305630829228705,-0.0170557310675835,-0.015));
#4194=CARTESIAN_POINT('',(0.0312315516695954,-0.0158578659243925,-0.015));
#4195=CARTESIAN_POINT('',(0.032409978808162,-0.0134060690881553,-0.0154289654616326));
#4196=CARTESIAN_POINT('',(0.0335863204280808,-0.0100073612295348,-0.0175288119689658));
#4197=CARTESIAN_POINT('',(0.0341711564526722,-0.00762654428139854,-0.0209058735542559));
#4198=CARTESIAN_POINT('',(0.0342814331541424,-0.00705573106758356,-0.0236251278003063));
#4199=CARTESIAN_POINT('',(0.0342814331541424,-0.00705573106758356,-0.025));
#4200=CARTESIAN_POINT('',(0.0342814331541424,-0.00705573106758356,-0.025));
#4201=CARTESIAN_POINT('',(0.0342814331541424,-0.00705573106758356,-0.04));
#4202=CARTESIAN_POINT('',(2.8796409701215E-16,-3.46944695195361E-18,-0.0250289499163628));
#4203=CARTESIAN_POINT('',(-0.0326303095481427,-0.0126594983625871,0.0053538461538462));
#4204=CARTESIAN_POINT('',(-0.034259912188972,-0.00715949836258705,-0.00784615384615383));
#4205=CARTESIAN_POINT('',(-0.0326303095481428,-0.012659498362587,0.00535384615384616));
#4206=CARTESIAN_POINT('',(-0.0325359079924696,-0.0129028217467542,0.00593782227584745));
#4207=CARTESIAN_POINT('',(-0.0322036616555623,-0.0137441598668377,0.00689735084844407));
#4208=CARTESIAN_POINT('',(-0.0314075839952212,-0.015488354977476,0.00736289668298435));
#4209=CARTESIAN_POINT('',(-0.0305213184557912,-0.0171586257229036,0.00684882450629965));
#4210=CARTESIAN_POINT('',(-0.0300429286610315,-0.0179583168377585,0.00592898950574239));
#4211=CARTESIAN_POINT('',(-0.0298970609833106,-0.0181979599010486,0.00535384615384616));
#4212=CARTESIAN_POINT('',(-0.0298970609833106,-0.0181979599010486,0.00535384615384615));
#4213=CARTESIAN_POINT('',(2.8796409701215E-16,-3.46944695195361E-18,0.0490289499163628));
#4214=CARTESIAN_POINT('',(-0.0257566825606144,-0.0236979599010486,-0.00784615384615386));
#4215=CARTESIAN_POINT('',(-0.0257566825606144,-0.0236979599010486,-0.00784615384615385));
#4216=CARTESIAN_POINT('',(-0.0255701342938014,-0.0239007142525033,-0.00833276428964509));
#4217=CARTESIAN_POINT('',(-0.0254306909672867,-0.0240478146537385,-0.00949757654902981));
#4218=CARTESIAN_POINT('',(-0.0260837170655723,-0.0233490132957752,-0.0109678034571332));
#4219=CARTESIAN_POINT('',(-0.0270390519640816,-0.0222426165072283,-0.0118022396340964));
#4220=CARTESIAN_POINT('',(-0.0277205862932403,-0.0213747213026716,-0.012));
#4221=CARTESIAN_POINT('',(-0.0280533116926855,-0.0209287291318178,-0.012));
#4222=CARTESIAN_POINT('',(-0.0280533116926855,-0.0209287291318178,-0.012));
#4223=CARTESIAN_POINT('',(2.8796409701215E-16,-3.46944695195361E-18,-0.012));
#4224=CARTESIAN_POINT('',(-0.0335621861300326,-0.00992872913181781,-0.012));
#4225=CARTESIAN_POINT('',(-0.0335621861300326,-0.00992872913181781,-0.012));
#4226=CARTESIAN_POINT('',(-0.0337046450267796,-0.00944717384462811,-0.012));
#4227=CARTESIAN_POINT('',(-0.0339636725460362,-0.0084909143826884,-0.0117675682109834));
#4228=CARTESIAN_POINT('',(-0.0342227139576588,-0.00735208515056787,-0.0107693554842485));
#4229=CARTESIAN_POINT('',(-0.0343290174755761,-0.00681889023035526,-0.00932122171857426));
#4230=CARTESIAN_POINT('',(-0.0343001841489354,-0.00696678740126678,-0.00830866015332248));
#4231=CARTESIAN_POINT('',(-0.034259912188972,-0.00715949836258704,-0.00784615384615385));
#4232=CARTESIAN_POINT('',(-1.90819582357449E-17,2.21177243187043E-17,0.015));
#4233=CARTESIAN_POINT('',(-0.00274570886504514,0.0319040552709029,-0.00274041185546946));
#4234=CARTESIAN_POINT('',(6.83716577922291E-7,0.0320479269023024,-0.00387958273474083));
#4235=CARTESIAN_POINT('',(0.00274297399873345,0.0319042371198874,-0.00274125720556724));
#4236=CARTESIAN_POINT('',(0.00387822426743742,0.0317599234849064,-3.06910964078707E-6));
#4237=CARTESIAN_POINT('',(0.00274412575750428,0.0319041764325672,0.00274198771327157));
#4238=CARTESIAN_POINT('',(7.23134294240127E-7,0.0320478091213913,0.00387815003816354));
#4239=CARTESIAN_POINT('',(-0.00273924407719865,0.0319045869244759,0.00274541069506335));
#4240=CARTESIAN_POINT('',(-0.00387875946333815,0.031759866490064,3.66573049329929E-6));
#4241=CARTESIAN_POINT('',(-0.00274570886504514,0.0319040552709029,-0.00274041185546946));
#4242=CARTESIAN_POINT('',(6.83716577922291E-7,0.0320479269023024,-0.00387958273474083));
#4243=CARTESIAN_POINT('',(0.00274297399873345,0.0319042371198874,-0.00274125720556724));
#4244=CARTESIAN_POINT('',(2.37399594811708E-19,0.032,-0.0035));
#4245=CARTESIAN_POINT('',(0.00274570886504515,-0.0319040552709028,-0.00274041185546946));
#4246=CARTESIAN_POINT('',(-6.83716577924893E-7,-0.0320479269023025,-0.00387958273474083));
#4247=CARTESIAN_POINT('',(-0.00274297399873345,-0.0319042371198873,-0.00274125720556723));
#4248=CARTESIAN_POINT('',(-0.00387822426743742,-0.0317599234849064,-3.06910964079268E-6));
#4249=CARTESIAN_POINT('',(-0.00274412575750428,-0.0319041764325671,0.00274198771327157));
#4250=CARTESIAN_POINT('',(-7.23134294238768E-7,-0.0320478091213913,0.00387815003816353));
#4251=CARTESIAN_POINT('',(0.00273924407719865,-0.0319045869244758,0.00274541069506335));
#4252=CARTESIAN_POINT('',(0.00387875946333814,-0.031759866490064,3.66573049329229E-6));
#4253=CARTESIAN_POINT('',(0.00274570886504515,-0.0319040552709028,-0.00274041185546946));
#4254=CARTESIAN_POINT('',(-6.83716577924893E-7,-0.0320479269023025,-0.00387958273474083));
#4255=CARTESIAN_POINT('',(-0.00274297399873345,-0.0319042371198873,-0.00274125720556723));
#4256=CARTESIAN_POINT('',(3.38546413360853E-19,-0.032,-0.0035));
#4257=CARTESIAN_POINT('',(-1.90819582357449E-17,2.21177243187043E-17,-0.012));
#4258=CARTESIAN_POINT('',(0.0242071951478687,0.0209287291318178,-0.012));
#4259=CARTESIAN_POINT('',(0.0304207221779331,0.00992872913181781,-0.012));
#4260=CARTESIAN_POINT('',(0.0242071951478687,0.0209287291318178,-0.012));
#4261=CARTESIAN_POINT('',(0.0238290437821849,0.0213661175583623,-0.012));
#4262=CARTESIAN_POINT('',(0.0230566388517513,0.0222106645322425,-0.0118116349504781));
#4263=CARTESIAN_POINT('',(0.0221370407341446,0.0231147756273641,-0.0111501764779061));
#4264=CARTESIAN_POINT('',(0.021543011614101,0.0236640124237603,-0.0103139063847152));
#4265=CARTESIAN_POINT('',(0.0212511733593652,0.0239248592268114,-0.00952286854826522));
#4266=CARTESIAN_POINT('',(0.0212231989849905,0.0239494812847707,-0.00863972681354552));
#4267=CARTESIAN_POINT('',(0.0213899290705723,0.0238011451951309,-0.00809379855195149));
#4268=CARTESIAN_POINT('',(0.0215036437965358,0.0236979599010486,-0.00784615384615384));
#4269=CARTESIAN_POINT('',(0.0215036437965358,0.0236979599010486,-0.00784615384615384));
#4270=CARTESIAN_POINT('',(-1.90819582357449E-17,2.21177243187043E-17,0.0490289499163627));
#4271=CARTESIAN_POINT('',(0.0263217449163202,0.0181979599010486,0.00535384615384614));
#4272=CARTESIAN_POINT('',(0.0263217449163202,0.0181979599010486,0.00535384615384616));
#4273=CARTESIAN_POINT('',(0.0264891889803299,0.0179557668220122,0.00593510954353358));
#4274=CARTESIAN_POINT('',(0.0270331087952306,0.0171534052238911,0.00684980145282306));
#4275=CARTESIAN_POINT('',(0.0280207009743197,0.0154982779474776,0.00735831737531633));
#4276=CARTESIAN_POINT('',(0.0289034982750301,0.0137699914124252,0.00691363907972174));
#4277=CARTESIAN_POINT('',(0.0292828794868643,0.0129067995423127,0.00594736898518777));
#4278=CARTESIAN_POINT('',(0.0293894045738878,0.012659498362587,0.00535384615384615));
#4279=CARTESIAN_POINT('',(0.0293894045738878,0.012659498362587,0.00535384615384617));
#4280=CARTESIAN_POINT('',(-1.90819582357449E-17,2.21177243187043E-17,-0.0250289499163627));
#4281=CARTESIAN_POINT('',(0.0311888054147015,0.00715949836258705,-0.00784615384615384));
#4282=CARTESIAN_POINT('',(0.0311888054147015,0.00715949836258705,-0.00784615384615385));
#4283=CARTESIAN_POINT('',(0.0312331251955857,0.00696642882726269,-0.00830952073093232));
#4284=CARTESIAN_POINT('',(0.0312646785322501,0.00681892805012742,-0.0093225648542268));
#4285=CARTESIAN_POINT('',(0.0311477007818915,0.00735343661618347,-0.0107724634276298));
#4286=CARTESIAN_POINT('',(0.0308615421165544,0.00849710339755689,-0.0117707694381673));
#4287=CARTESIAN_POINT('',(0.0305769231025041,0.0094501437189997,-0.012));
#4288=CARTESIAN_POINT('',(0.0304207221779331,0.00992872913181781,-0.012));
#4289=CARTESIAN_POINT('',(-1.90819582357449E-17,2.21177243187043E-17,-0.012));
#4290=CARTESIAN_POINT('',(-0.0304207221779331,0.00992872913181781,-0.012));
#4291=CARTESIAN_POINT('',(-0.0242071951478688,0.0209287291318178,-0.012));
#4292=CARTESIAN_POINT('',(-0.0304207221779331,0.00992872913181781,-0.012));
#4293=CARTESIAN_POINT('',(-0.0305769447628937,0.00945007735353807,-0.012));
#4294=CARTESIAN_POINT('',(-0.030861317349068,0.00849777433380026,-0.011770441109098));
#4295=CARTESIAN_POINT('',(-0.0311469753026347,0.00735652774670251,-0.010776387964728));
#4296=CARTESIAN_POINT('',(-0.0312647831373004,0.0068185058797646,-0.00932555528235648));
#4297=CARTESIAN_POINT('',(-0.0312331383911871,0.00696637134348098,-0.00830965869200842));
#4298=CARTESIAN_POINT('',(-0.0311888054147016,0.00715949836258705,-0.00784615384615385));
#4299=CARTESIAN_POINT('',(-0.0311888054147015,0.00715949836258706,-0.0078461538461538));
#4300=CARTESIAN_POINT('',(-1.90819582357449E-17,2.21177243187043E-17,-0.0250289499163627));
#4301=CARTESIAN_POINT('',(-0.0293894045738879,0.012659498362587,0.00535384615384617));
#4302=CARTESIAN_POINT('',(-0.0293894045738879,0.012659498362587,0.00535384615384616));
#4303=CARTESIAN_POINT('',(-0.0292829970193275,0.0129065266871797,0.00594671413286846));
#4304=CARTESIAN_POINT('',(-0.0289065994253075,0.013763694118053,0.00691059521247632));
#4305=CARTESIAN_POINT('',(-0.0280177837034361,0.0155038157055188,0.00735940254715982));
#4306=CARTESIAN_POINT('',(-0.0270326465918546,0.0171538786620093,0.00684818501484188));
#4307=CARTESIAN_POINT('',(-0.026489145079311,0.0179558303209665,0.00593495714604321));
#4308=CARTESIAN_POINT('',(-0.0263217449163202,0.0181979599010486,0.00535384615384616));
#4309=CARTESIAN_POINT('',(-0.0263217449163202,0.0181979599010486,0.00535384615384614));
#4310=CARTESIAN_POINT('',(-1.90819582357449E-17,2.21177243187043E-17,0.0490289499163627));
#4311=CARTESIAN_POINT('',(-0.0215036437965359,0.0236979599010486,-0.00784615384615386));
#4312=CARTESIAN_POINT('',(-0.0215036437965359,0.0236979599010486,-0.00784615384615385));
#4313=CARTESIAN_POINT('',(-0.0213901783166815,0.0238009190280022,-0.00809325575084238));
#4314=CARTESIAN_POINT('',(-0.0212237310855577,0.0239490104896493,-0.00863626062245538));
#4315=CARTESIAN_POINT('',(-0.0212508324894449,0.0239251600759961,-0.00952149157896637));
#4316=CARTESIAN_POINT('',(-0.0215414605271526,0.0236654038785512,-0.0103104798774613));
#4317=CARTESIAN_POINT('',(-0.022133760714492,0.0231179160214469,-0.0111473260306628));
#4318=CARTESIAN_POINT('',(-0.0230571160440329,0.0222102791824751,-0.0118123810144911));
#4319=CARTESIAN_POINT('',(-0.0238292796313093,0.0213658447636913,-0.012));
#4320=CARTESIAN_POINT('',(-0.0242071951478688,0.0209287291318178,-0.012));
#4321=CARTESIAN_POINT('',(-1.90819582357449E-17,2.21177243187043E-17,0.015));
#4322=CARTESIAN_POINT('',(0.03185612346457,-0.00303107205623229,0.015));
#4323=CARTESIAN_POINT('',(0.03185612346457,0.00303107205623229,0.015));
#4324=CARTESIAN_POINT('',(0.03185,0.0030310720562323,0.046802));
#4325=CARTESIAN_POINT('',(0.03185612346457,0.00303107205623229,0.046802));
#4326=CARTESIAN_POINT('',(0.0307083050655682,0.009,0.046802));
#4327=CARTESIAN_POINT('',(0.0296647939483826,-0.012,0.046802));
#4328=CARTESIAN_POINT('',(0.03185612346457,-0.00303107205623229,0.046802));
#4329=CARTESIAN_POINT('',(0.03185,-0.00303107205623228,0.046802));
#4330=CARTESIAN_POINT('',(0.0312124439783548,0.00705573106758357,-0.04));
#4331=CARTESIAN_POINT('',(0.0312124439783548,0.00705573106758357,-0.03));
#4332=CARTESIAN_POINT('',(0.0312124439783548,0.00705573106758357,-0.025));
#4333=CARTESIAN_POINT('',(0.0312124439783548,0.00705573106758356,-0.03));
#4334=CARTESIAN_POINT('',(0.0312124439783548,0.00705573106758356,-0.0310731692922888));
#4335=CARTESIAN_POINT('',(0.0312923123106656,0.00671333857438039,-0.0331805234378572));
#4336=CARTESIAN_POINT('',(0.0316884510776531,0.0047453053467543,-0.0369990482018937));
#4337=CARTESIAN_POINT('',(0.032,0.00203113589781146,-0.0389309816582592));
#4338=CARTESIAN_POINT('',(0.032,-1.82503137070515E-17,-0.0395567400536798));
#4339=CARTESIAN_POINT('',(0.032,-9.40175593538333E-18,-0.0395567400536798));
#4340=CARTESIAN_POINT('',(0.032,-7.75089104763017E-18,-0.0395567400536798));
#4341=CARTESIAN_POINT('',(0.032,-0.00203974653980104,-0.0389283288660355));
#4342=CARTESIAN_POINT('',(0.0315766637691307,-0.00564652170173815,-0.036353065241751));
#4343=CARTESIAN_POINT('',(0.0312124439783548,-0.00705573106758356,-0.0321431432698566));
#4344=CARTESIAN_POINT('',(0.0312124439783548,-0.00705573106758356,-0.03));
#4345=CARTESIAN_POINT('',(0.0312124439783548,-0.00705573106758355,-0.03));
#4346=CARTESIAN_POINT('',(0.0312124439783548,-0.00705573106758355,-0.04));
#4347=CARTESIAN_POINT('',(0.0312124439783548,-0.00705573106758355,-0.025));
#4348=CARTESIAN_POINT('',(0.0312124439783548,-0.00705573106758356,-0.025));
#4349=CARTESIAN_POINT('',(0.0312124439783548,-0.00705573106758356,-0.0236137601080952));
#4350=CARTESIAN_POINT('',(0.0310902299397746,-0.00763295999995474,-0.0208822930717499));
#4351=CARTESIAN_POINT('',(0.0304367537677366,-0.0100455193591374,-0.0174890477532452));
#4352=CARTESIAN_POINT('',(0.0291226924826262,-0.0134595996282484,-0.0154111218133313));
#4353=CARTESIAN_POINT('',(0.0278132027319614,-0.0158851998918423,-0.015));
#4354=CARTESIAN_POINT('',(0.0270758571009352,-0.0170557310675835,-0.015));
#4355=CARTESIAN_POINT('',(0.0270758571009352,-0.0170557310675835,-0.015));
#4356=CARTESIAN_POINT('',(-1.90819582357449E-17,2.21177243187043E-17,-0.015));
#4357=CARTESIAN_POINT('',(0.0270758571009352,0.0170557310675835,-0.015));
#4358=CARTESIAN_POINT('',(0.0270758571009352,0.0170557310675835,-0.015));
#4359=CARTESIAN_POINT('',(0.0278133939511516,0.0158848963326781,-0.015));
#4360=CARTESIAN_POINT('',(0.0291184892228361,0.0134675530983414,-0.0154096599490388));
#4361=CARTESIAN_POINT('',(0.0304332240934802,0.0100567224436734,-0.0174794861827461));
#4362=CARTESIAN_POINT('',(0.0310893421827084,0.00763720943699504,-0.0208685621920864));
#4363=CARTESIAN_POINT('',(0.0312124439783548,0.00705573106758356,-0.0236124046635866));
#4364=CARTESIAN_POINT('',(0.0312124439783548,0.00705573106758356,-0.025));
#4365=CARTESIAN_POINT('',(-1.90819582357449E-17,2.21177243187043E-17,0.0490289499163628));
#4366=CARTESIAN_POINT('',(0.0263217449163202,-0.0181979599010486,0.00535384615384618));
#4367=CARTESIAN_POINT('',(0.0215036437965358,-0.0236979599010486,-0.00784615384615383));
#4368=CARTESIAN_POINT('',(0.0215036437965358,-0.0236979599010486,-0.00784615384615385));
#4369=CARTESIAN_POINT('',(0.0213901783166814,-0.0238009190280022,-0.00809325575084238));
#4370=CARTESIAN_POINT('',(0.0212237310855576,-0.0239490104896493,-0.0086362606224554));
#4371=CARTESIAN_POINT('',(0.0212508324894448,-0.0239251600759961,-0.00952149157896638));
#4372=CARTESIAN_POINT('',(0.0215414605271525,-0.0236654038785512,-0.0103104798774613));
#4373=CARTESIAN_POINT('',(0.0221337607144919,-0.0231179160214468,-0.0111473260306629));
#4374=CARTESIAN_POINT('',(0.0230571160440329,-0.0222102791824751,-0.0118123810144911));
#4375=CARTESIAN_POINT('',(0.0238292796313092,-0.0213658447636913,-0.012));
#4376=CARTESIAN_POINT('',(0.0242071951478688,-0.0209287291318178,-0.012));
#4377=CARTESIAN_POINT('',(0.0242071951478687,-0.0209287291318178,-0.012));
#4378=CARTESIAN_POINT('',(-1.90819582357449E-17,2.21177243187043E-17,-0.012));
#4379=CARTESIAN_POINT('',(0.0304207221779331,-0.00992872913181781,-0.012));
#4380=CARTESIAN_POINT('',(0.0304207221779331,-0.00992872913181781,-0.012));
#4381=CARTESIAN_POINT('',(0.0305769447628936,-0.00945007735353807,-0.012));
#4382=CARTESIAN_POINT('',(0.030861317349068,-0.00849777433380026,-0.011770441109098));
#4383=CARTESIAN_POINT('',(0.0311469753026347,-0.00735652774670252,-0.010776387964728));
#4384=CARTESIAN_POINT('',(0.0312647831373003,-0.00681850587976461,-0.00932555528235653));
#4385=CARTESIAN_POINT('',(0.031233138391187,-0.00696637134348097,-0.00830965869200841));
#4386=CARTESIAN_POINT('',(0.0311888054147015,-0.00715949836258704,-0.00784615384615385));
#4387=CARTESIAN_POINT('',(0.0311888054147015,-0.00715949836258705,-0.00784615384615384));
#4388=CARTESIAN_POINT('',(-1.90819582357449E-17,2.21177243187043E-17,-0.0250289499163628));
#4389=CARTESIAN_POINT('',(0.0293894045738878,-0.012659498362587,0.00535384615384617));
#4390=CARTESIAN_POINT('',(0.0293894045738878,-0.012659498362587,0.00535384615384616));
#4391=CARTESIAN_POINT('',(0.0292829970193274,-0.0129065266871797,0.00594671413286846));
#4392=CARTESIAN_POINT('',(0.0289065994253074,-0.013763694118053,0.00691059521247631));
#4393=CARTESIAN_POINT('',(0.028017783703436,-0.0155038157055187,0.00735940254715982));
#4394=CARTESIAN_POINT('',(0.0270326465918546,-0.0171538786620093,0.00684818501484191));
#4395=CARTESIAN_POINT('',(0.0264891450793109,-0.0179558303209665,0.00593495714604321));
#4396=CARTESIAN_POINT('',(0.0263217449163202,-0.0181979599010486,0.00535384615384617));
#4397=CARTESIAN_POINT('',(-1.90819582357449E-17,2.21177243187043E-17,-0.012));
#4398=CARTESIAN_POINT('',(-0.0304207221779331,-0.00992872913181781,-0.012));
#4399=CARTESIAN_POINT('',(-0.0242071951478688,-0.0209287291318178,-0.012));
#4400=CARTESIAN_POINT('',(-0.0242071951478688,-0.0209287291318178,-0.012));
#4401=CARTESIAN_POINT('',(-0.023829043782185,-0.0213661175583623,-0.012));
#4402=CARTESIAN_POINT('',(-0.0230566388517513,-0.0222106645322425,-0.0118116349504781));
#4403=CARTESIAN_POINT('',(-0.0221370407341446,-0.0231147756273641,-0.0111501764779061));
#4404=CARTESIAN_POINT('',(-0.021543011614101,-0.0236640124237603,-0.0103139063847152));
#4405=CARTESIAN_POINT('',(-0.0212511733593652,-0.0239248592268114,-0.00952286854826523));
#4406=CARTESIAN_POINT('',(-0.0212231989849904,-0.0239494812847707,-0.00863972681354554));
#4407=CARTESIAN_POINT('',(-0.0213899290705723,-0.023801145195131,-0.00809379855195149));
#4408=CARTESIAN_POINT('',(-0.0215036437965358,-0.0236979599010486,-0.00784615384615384));
#4409=CARTESIAN_POINT('',(-0.0215036437965358,-0.0236979599010486,-0.00784615384615386));
#4410=CARTESIAN_POINT('',(-1.90819582357449E-17,2.21177243187043E-17,0.0490289499163628));
#4411=CARTESIAN_POINT('',(-0.0263217449163202,-0.0181979599010486,0.00535384615384615));
#4412=CARTESIAN_POINT('',(-0.0263217449163202,-0.0181979599010486,0.00535384615384616));
#4413=CARTESIAN_POINT('',(-0.02648918898033,-0.0179557668220122,0.00593510954353357));
#4414=CARTESIAN_POINT('',(-0.0270331087952306,-0.0171534052238911,0.00684980145282308));
#4415=CARTESIAN_POINT('',(-0.0280207009743197,-0.0154982779474776,0.00735831737531632));
#4416=CARTESIAN_POINT('',(-0.0289034982750301,-0.0137699914124252,0.00691363907972175));
#4417=CARTESIAN_POINT('',(-0.0292828794868643,-0.0129067995423127,0.00594736898518778));
#4418=CARTESIAN_POINT('',(-0.0293894045738878,-0.012659498362587,0.00535384615384616));
#4419=CARTESIAN_POINT('',(-0.0293894045738878,-0.0126594983625871,0.00535384615384619));
#4420=CARTESIAN_POINT('',(-1.90819582357449E-17,2.21177243187043E-17,-0.0250289499163628));
#4421=CARTESIAN_POINT('',(-0.0311888054147015,-0.00715949836258705,-0.00784615384615384));
#4422=CARTESIAN_POINT('',(-0.0311888054147015,-0.00715949836258704,-0.00784615384615385));
#4423=CARTESIAN_POINT('',(-0.0312331251955858,-0.00696642882726268,-0.00830952073093232));
#4424=CARTESIAN_POINT('',(-0.0312646785322501,-0.00681892805012743,-0.00932256485422682));
#4425=CARTESIAN_POINT('',(-0.0311477007818915,-0.00735343661618348,-0.0107724634276298));
#4426=CARTESIAN_POINT('',(-0.0308615421165545,-0.0084971033975569,-0.0117707694381673));
#4427=CARTESIAN_POINT('',(-0.0305769231025041,-0.0094501437189997,-0.012));
#4428=CARTESIAN_POINT('',(-0.0304207221779331,-0.00992872913181781,-0.012));
#4429=CARTESIAN_POINT('',(0.034,0.,0.));
#4430=CARTESIAN_POINT('',(0.034,0.,2.14313189850787E-19));
#4431=CARTESIAN_POINT('',(0.034,0.,-0.0035));
#4432=CARTESIAN_POINT('',(0.15243719282327,0.,2.14313189850787E-19));
#4433=CARTESIAN_POINT('',(0.,0.,-0.015));
#4434=CARTESIAN_POINT('',(0.0312124439783548,0.0170557310675835,-0.015));
#4435=CARTESIAN_POINT('',(0.,-0.0170557310675835,-0.015));
#4436=CARTESIAN_POINT('',(-0.15243719282327,0.,2.14313189850787E-19));
#4437=CARTESIAN_POINT('',(-0.034,0.,2.14313189850787E-19));
#4438=CARTESIAN_POINT('',(-0.034,0.,-0.0035));
#4439=CARTESIAN_POINT('',(-0.034,0.,0.));
#4440=CARTESIAN_POINT('',(0.0445,0.009,0.01745));
#4441=CARTESIAN_POINT('',(0.0445,0.00668954408012993,0.171003391685176));
#4442=CARTESIAN_POINT('',(0.0445,-0.00668954408012993,0.171003391685176));
#4443=CARTESIAN_POINT('',(0.00625,0.009,0.0309));
#4444=CARTESIAN_POINT('',(0.03825,0.009,0.01705));
#4445=CARTESIAN_POINT('',(0.03825,0.009,0.01605));
#4446=CARTESIAN_POINT('',(0.0440908153700972,0.009,0.171003391685176));
#4447=CARTESIAN_POINT('',(0.032,0.009,0.046802));
#4448=CARTESIAN_POINT('',(0.0440908153700972,0.009,0.171003391685176));
#4449=CARTESIAN_POINT('',(0.0369188298839494,0.009,0.015));
#4450=CARTESIAN_POINT('',(0.0361140404350718,0.009,0.0149999999999999));
#4451=CARTESIAN_POINT('',(0.0345287708710903,0.009,0.0143727811801848));
#4452=CARTESIAN_POINT('',(0.0338230690505755,0.009,0.0128055192416457));
#4453=CARTESIAN_POINT('',(0.0338230690505755,0.009,0.012));
#4454=CARTESIAN_POINT('',(0.03825,0.009,0.04475));
#4455=CARTESIAN_POINT('',(0.03825,0.009,0.04375));
#4456=CARTESIAN_POINT('',(0.00625,-0.012,0.0309));
#4457=CARTESIAN_POINT('',(0.0433704968844029,-0.012,0.171003391685176));
#4458=CARTESIAN_POINT('',(0.0328785644455472,-0.012,0.012));
#4459=CARTESIAN_POINT('',(0.0328785644455472,-0.012,0.0128159224244466));
#4460=CARTESIAN_POINT('',(0.0336250455970312,-0.012,0.0143903846074083));
#4461=CARTESIAN_POINT('',(0.0352408044403184,-0.012,0.0149999999999999));
#4462=CARTESIAN_POINT('',(0.0360555127546399,-0.012,0.015));
#4463=CARTESIAN_POINT('',(0.00625,-0.009,0.0309));
#4464=CARTESIAN_POINT('',(0.034175,-0.009,0.0528));
#4465=CARTESIAN_POINT('',(0.042175,-0.009,0.0528));
#4466=CARTESIAN_POINT('',(0.0440908153700972,-0.009,0.171003391685176));
#4467=CARTESIAN_POINT('',(0.032,-0.009,0.0309));
#4468=CARTESIAN_POINT('',(0.03825,0.011,0.04475));
#4469=CARTESIAN_POINT('',(0.03825,0.011,0.04475));
#4470=CARTESIAN_POINT('',(0.03825,0.011,0.04375));
#4471=CARTESIAN_POINT('',(0.00625,0.011,0.0309));
#4472=CARTESIAN_POINT('',(0.03825,0.011,0.01705));
#4473=CARTESIAN_POINT('',(0.03825,0.011,0.01705));
#4474=CARTESIAN_POINT('',(0.03825,0.011,0.01605));
#4475=CARTESIAN_POINT('',(0.00625,0.011,0.0309));
#4476=CARTESIAN_POINT('',(2.8796409701215E-16,-3.46944695195361E-18,0.012));
#4477=CARTESIAN_POINT('',(-0.144655255712035,0.0104287291318178,8.67361737988404E-19));
#4478=CARTESIAN_POINT('',(-0.0280348768033142,0.012659498362587,0.00535384615384616));
#4479=CARTESIAN_POINT('',(-0.0345764211568131,0.00715949836258705,-0.00784615384615385));
#4480=CARTESIAN_POINT('',(-0.144655255712035,0.0204287291318178,1.7347234759768E-18));
#4481=CARTESIAN_POINT('',(-0.0194262640448606,0.0236979599010486,-0.00784615384615385));
#4482=CARTESIAN_POINT('',(-0.0314158290894409,0.0181979599010486,0.00535384615384616));
#4483=CARTESIAN_POINT('',(-0.144655255712035,0.0204287291318178,-0.012));
#4484=CARTESIAN_POINT('',(-0.0240495267051269,0.0209287291318178,-0.012));
#4485=CARTESIAN_POINT('',(-0.0315361522702653,0.00992872913181781,-0.012));
#4486=CARTESIAN_POINT('',(-0.144655255712035,0.0204287291318178,-0.012));
#4487=CARTESIAN_POINT('',(0.0194262640448604,0.0209287291318178,-0.012));
#4488=CARTESIAN_POINT('',(0.0345764211568136,0.00992872913181781,-0.012));
#4489=CARTESIAN_POINT('',(-0.144655255712035,0.0204287291318178,1.7347234759768E-18));
#4490=CARTESIAN_POINT('',(0.0240495267051273,0.0236979599010486,-0.00784615384615385));
#4491=CARTESIAN_POINT('',(0.028034876803314,0.0181979599010486,0.00535384615384616));
#4492=CARTESIAN_POINT('',(-0.144655255712035,0.0104287291318178,8.67361737988404E-19));
#4493=CARTESIAN_POINT('',(0.0314158290894413,0.012659498362587,0.00535384615384616));
#4494=CARTESIAN_POINT('',(0.0315361522702651,0.00715949836258705,-0.00784615384615385));
#4495=CARTESIAN_POINT('',(-0.144655255712035,-0.0154287291318178,-0.012));
#4496=CARTESIAN_POINT('',(0.0315361522702652,-0.00992872913181781,-0.012));
#4497=CARTESIAN_POINT('',(0.0240495267051274,-0.0209287291318178,-0.012));
#4498=CARTESIAN_POINT('',(-0.144655255712035,-0.0204287291318178,1.7347234759768E-18));
#4499=CARTESIAN_POINT('',(0.0314158290894413,-0.0181979599010486,0.00535384615384616));
#4500=CARTESIAN_POINT('',(0.0194262640448605,-0.0236979599010486,-0.00784615384615385));
#4501=CARTESIAN_POINT('',(-0.144655255712035,-0.0104287291318178,-2.60208521396521E-18));
#4502=CARTESIAN_POINT('',(0.0345764211568136,-0.00715949836258704,-0.00784615384615385));
#4503=CARTESIAN_POINT('',(0.028034876803314,-0.012659498362587,0.00535384615384616));
#4504=CARTESIAN_POINT('',(-0.144655255712035,-0.0104287291318178,-2.60208521396521E-18));
#4505=CARTESIAN_POINT('',(-0.0315361522702653,-0.00715949836258704,-0.00784615384615385));
#4506=CARTESIAN_POINT('',(-0.0314158290894409,-0.012659498362587,0.00535384615384616));
#4507=CARTESIAN_POINT('',(-0.144655255712035,-0.0204287291318178,1.7347234759768E-18));
#4508=CARTESIAN_POINT('',(-0.0240495267051268,-0.0236979599010486,-0.00784615384615385));
#4509=CARTESIAN_POINT('',(-0.0280348768033142,-0.0181979599010486,0.00535384615384616));
#4510=CARTESIAN_POINT('',(-0.144655255712035,-0.0154287291318178,-0.012));
#4511=CARTESIAN_POINT('',(-0.0345764211568131,-0.00992872913181781,-0.012));
#4512=CARTESIAN_POINT('',(-0.0194262640448605,-0.0209287291318178,-0.012));
#4513=CARTESIAN_POINT('',(-0.144655255712035,0.0209287291318178,-0.009));
#4514=CARTESIAN_POINT('',(-0.144655255712035,0.0154287291318178,0.0042));
#4515=CARTESIAN_POINT('',(-0.144655255712035,0.00992872913181781,-0.009));
#4516=CARTESIAN_POINT('',(-0.144655255712035,-0.00992872913181781,-0.009));
#4517=CARTESIAN_POINT('',(-0.144655255712035,-0.0154287291318178,0.0042));
#4518=CARTESIAN_POINT('',(-0.144655255712035,-0.0209287291318178,-0.009));
#4519=CARTESIAN_POINT('',(-0.144655255712035,-0.00992872913181781,-0.009));
#4520=CARTESIAN_POINT('',(-0.144655255712035,-0.0209287291318178,-0.009));
#4521=CARTESIAN_POINT('',(-0.144655255712035,-0.0154287291318178,0.0042));
#4522=CARTESIAN_POINT('',(-0.144655255712035,0.0209287291318178,-0.009));
#4523=CARTESIAN_POINT('',(-0.144655255712035,0.0154287291318178,0.0042));
#4524=CARTESIAN_POINT('',(-0.144655255712035,0.00992872913181781,-0.009));
#4525=CARTESIAN_POINT('',(0.0327469385662486,-0.00705573106758356,-0.04));
#4526=CARTESIAN_POINT('',(0.0327469385662486,-0.00705573106758356,-0.025));
#4527=CARTESIAN_POINT('',(0.0342814331541424,-0.00705573106758356,-0.03));
#4528=CARTESIAN_POINT('',(0.0327469385662486,0.00705573106758356,-0.04));
#4529=CARTESIAN_POINT('',(0.0342814331541424,0.00705573106758356,-0.025));
#4530=CARTESIAN_POINT('',(0.0327469385662486,0.00705573106758356,-0.03));
#4531=CARTESIAN_POINT('',(0.0327469385662486,0.0170557310675835,-0.025));
#4532=CARTESIAN_POINT('',(0.,-0.0170557310675835,-0.025));
#4533=CARTESIAN_POINT('',(0.0327469385662486,0.00294426893241644,-0.03));
#4534=CARTESIAN_POINT('',(0.0331062219891774,0.,-0.0395567400536798));
#4535=CARTESIAN_POINT('',(0.,-0.00294426893241644,-0.03));
#4536=CARTESIAN_POINT('',(0.032,0.009,0.046802));
#4537=CARTESIAN_POINT('',(0.032,0.009,0.046802));
#4538=CARTESIAN_POINT('',(0.03185,0.009,0.015));
#4539=CARTESIAN_POINT('',(0.03185,0.009,0.015));
#4540=CARTESIAN_POINT('',(0.03185,0.009,0.01745));
#4541=CARTESIAN_POINT('',(0.03185,0.009,0.01745));
#4542=CARTESIAN_POINT('',(0.,2.75545529808154E-18,0.171003391685176));
#4543=CARTESIAN_POINT('',(0.,2.75545529808154E-18,0.171003391685176));
#4544=CARTESIAN_POINT('',(0.,2.75545529808154E-18,0.171003391685176));
#4545=CARTESIAN_POINT('',(0.,0.171003391685176,2.14313189850787E-19));
#4546=CARTESIAN_POINT('',(0.,0.171003391685176,2.14313189850787E-19));
#4547=CARTESIAN_POINT('',(0.034175,-0.0065,0.0528));
#4548=CARTESIAN_POINT('',(0.034175,-0.004,0.0528));
#4549=CARTESIAN_POINT('',(0.042175,-0.0065,0.0528));
#4550=CARTESIAN_POINT('',(0.042175,-0.004,0.0528));
#4551=CARTESIAN_POINT('',(0.038175,-0.004,0.0528));
#4552=MECHANICAL_DESIGN_GEOMETRIC_PRESENTATION_REPRESENTATION('',(#2354),
#4559);
#4553=MECHANICAL_DESIGN_GEOMETRIC_PRESENTATION_REPRESENTATION('',(#2355),
#4560);
#4554=MECHANICAL_DESIGN_GEOMETRIC_PRESENTATION_REPRESENTATION('',(#2356),
#4561);
#4555=MECHANICAL_DESIGN_GEOMETRIC_PRESENTATION_REPRESENTATION('',(#2357),
#4562);
#4556=MECHANICAL_DESIGN_GEOMETRIC_PRESENTATION_REPRESENTATION('',(#2358),
#4563);
#4557=MECHANICAL_DESIGN_GEOMETRIC_PRESENTATION_REPRESENTATION('',(#2359),
#4564);
#4558=MECHANICAL_DESIGN_GEOMETRIC_PRESENTATION_REPRESENTATION('',(#2360),
#4565);
#4559=(
GEOMETRIC_REPRESENTATION_CONTEXT(3)
GLOBAL_UNCERTAINTY_ASSIGNED_CONTEXT((#4566))
GLOBAL_UNIT_ASSIGNED_CONTEXT((#4587,#4580,#4573))
REPRESENTATION_CONTEXT('Base Axis 1','TOP_LEVEL_ASSEMBLY_PART')
);
#4560=(
GEOMETRIC_REPRESENTATION_CONTEXT(3)
GLOBAL_UNCERTAINTY_ASSIGNED_CONTEXT((#4567))
GLOBAL_UNIT_ASSIGNED_CONTEXT((#4588,#4581,#4574))
REPRESENTATION_CONTEXT('Base Axis 2','TOP_LEVEL_ASSEMBLY_PART')
);
#4561=(
GEOMETRIC_REPRESENTATION_CONTEXT(3)
GLOBAL_UNCERTAINTY_ASSIGNED_CONTEXT((#4568))
GLOBAL_UNIT_ASSIGNED_CONTEXT((#4589,#4582,#4575))
REPRESENTATION_CONTEXT('Secondary Axis 2','TOP_LEVEL_ASSEMBLY_PART')
);
#4562=(
GEOMETRIC_REPRESENTATION_CONTEXT(3)
GLOBAL_UNCERTAINTY_ASSIGNED_CONTEXT((#4569))
GLOBAL_UNIT_ASSIGNED_CONTEXT((#4590,#4583,#4576))
REPRESENTATION_CONTEXT('Tertiary Rig','TOP_LEVEL_ASSEMBLY_PART')
);
#4563=(
GEOMETRIC_REPRESENTATION_CONTEXT(3)
GLOBAL_UNCERTAINTY_ASSIGNED_CONTEXT((#4570))
GLOBAL_UNIT_ASSIGNED_CONTEXT((#4591,#4584,#4577))
REPRESENTATION_CONTEXT('Base Rig','TOP_LEVEL_ASSEMBLY_PART')
);
#4564=(
GEOMETRIC_REPRESENTATION_CONTEXT(3)
GLOBAL_UNCERTAINTY_ASSIGNED_CONTEXT((#4571))
GLOBAL_UNIT_ASSIGNED_CONTEXT((#4592,#4585,#4578))
REPRESENTATION_CONTEXT('Secondary Axis 1','TOP_LEVEL_ASSEMBLY_PART')
);
#4565=(
GEOMETRIC_REPRESENTATION_CONTEXT(3)
GLOBAL_UNCERTAINTY_ASSIGNED_CONTEXT((#4572))
GLOBAL_UNIT_ASSIGNED_CONTEXT((#4593,#4586,#4579))
REPRESENTATION_CONTEXT('Secondary Rig','TOP_LEVEL_ASSEMBLY_PART')
);
#4566=UNCERTAINTY_MEASURE_WITH_UNIT(LENGTH_MEASURE(1.E-8),#4587,
'DISTANCE_ACCURACY_VALUE','Maximum Tolerance applied to model');
#4567=UNCERTAINTY_MEASURE_WITH_UNIT(LENGTH_MEASURE(1.E-8),#4588,
'DISTANCE_ACCURACY_VALUE','Maximum Tolerance applied to model');
#4568=UNCERTAINTY_MEASURE_WITH_UNIT(LENGTH_MEASURE(2.E-5),#4589,
'DISTANCE_ACCURACY_VALUE','Maximum Tolerance applied to model');
#4569=UNCERTAINTY_MEASURE_WITH_UNIT(LENGTH_MEASURE(2.E-5),#4590,
'DISTANCE_ACCURACY_VALUE','Maximum Tolerance applied to model');
#4570=UNCERTAINTY_MEASURE_WITH_UNIT(LENGTH_MEASURE(2.E-5),#4591,
'DISTANCE_ACCURACY_VALUE','Maximum Tolerance applied to model');
#4571=UNCERTAINTY_MEASURE_WITH_UNIT(LENGTH_MEASURE(2.E-5),#4592,
'DISTANCE_ACCURACY_VALUE','Maximum Tolerance applied to model');
#4572=UNCERTAINTY_MEASURE_WITH_UNIT(LENGTH_MEASURE(2.1325183393539E-5),
#4593,'DISTANCE_ACCURACY_VALUE','Maximum Tolerance applied to model');
#4573=(
NAMED_UNIT(*)
SI_UNIT($,.STERADIAN.)
SOLID_ANGLE_UNIT()
);
#4574=(
NAMED_UNIT(*)
SI_UNIT($,.STERADIAN.)
SOLID_ANGLE_UNIT()
);
#4575=(
NAMED_UNIT(*)
SI_UNIT($,.STERADIAN.)
SOLID_ANGLE_UNIT()
);
#4576=(
NAMED_UNIT(*)
SI_UNIT($,.STERADIAN.)
SOLID_ANGLE_UNIT()
);
#4577=(
NAMED_UNIT(*)
SI_UNIT($,.STERADIAN.)
SOLID_ANGLE_UNIT()
);
#4578=(
NAMED_UNIT(*)
SI_UNIT($,.STERADIAN.)
SOLID_ANGLE_UNIT()
);
#4579=(
NAMED_UNIT(*)
SI_UNIT($,.STERADIAN.)
SOLID_ANGLE_UNIT()
);
#4580=(
NAMED_UNIT(*)
PLANE_ANGLE_UNIT()
SI_UNIT($,.RADIAN.)
);
#4581=(
NAMED_UNIT(*)
PLANE_ANGLE_UNIT()
SI_UNIT($,.RADIAN.)
);
#4582=(
NAMED_UNIT(*)
PLANE_ANGLE_UNIT()
SI_UNIT($,.RADIAN.)
);
#4583=(
NAMED_UNIT(*)
PLANE_ANGLE_UNIT()
SI_UNIT($,.RADIAN.)
);
#4584=(
NAMED_UNIT(*)
PLANE_ANGLE_UNIT()
SI_UNIT($,.RADIAN.)
);
#4585=(
NAMED_UNIT(*)
PLANE_ANGLE_UNIT()
SI_UNIT($,.RADIAN.)
);
#4586=(
NAMED_UNIT(*)
PLANE_ANGLE_UNIT()
SI_UNIT($,.RADIAN.)
);
#4587=(
LENGTH_UNIT()
NAMED_UNIT(*)
SI_UNIT($,.METRE.)
);
#4588=(
LENGTH_UNIT()
NAMED_UNIT(*)
SI_UNIT($,.METRE.)
);
#4589=(
LENGTH_UNIT()
NAMED_UNIT(*)
SI_UNIT($,.METRE.)
);
#4590=(
LENGTH_UNIT()
NAMED_UNIT(*)
SI_UNIT($,.METRE.)
);
#4591=(
LENGTH_UNIT()
NAMED_UNIT(*)
SI_UNIT($,.METRE.)
);
#4592=(
LENGTH_UNIT()
NAMED_UNIT(*)
SI_UNIT($,.METRE.)
);
#4593=(
LENGTH_UNIT()
NAMED_UNIT(*)
SI_UNIT($,.METRE.)
);
#4594=PRODUCT_DEFINITION_SHAPE('','',#4601);
#4595=PRODUCT_DEFINITION_SHAPE('','',#4602);
#4596=PRODUCT_DEFINITION_SHAPE('','',#4603);
#4597=PRODUCT_DEFINITION_SHAPE('','',#4604);
#4598=PRODUCT_DEFINITION_SHAPE('','',#4605);
#4599=PRODUCT_DEFINITION_SHAPE('','',#4606);
#4600=PRODUCT_DEFINITION_SHAPE('','',#4607);
#4601=PRODUCT_DEFINITION('','',#4615,#4608);
#4602=PRODUCT_DEFINITION('','',#4616,#4609);
#4603=PRODUCT_DEFINITION('','',#4617,#4610);
#4604=PRODUCT_DEFINITION('','',#4618,#4611);
#4605=PRODUCT_DEFINITION('','',#4619,#4612);
#4606=PRODUCT_DEFINITION('','',#4620,#4613);
#4607=PRODUCT_DEFINITION('','',#4621,#4614);
#4608=PRODUCT_DEFINITION_CONTEXT('',#4657,'design');
#4609=PRODUCT_DEFINITION_CONTEXT('',#4658,'design');
#4610=PRODUCT_DEFINITION_CONTEXT('',#4659,'design');
#4611=PRODUCT_DEFINITION_CONTEXT('',#4660,'design');
#4612=PRODUCT_DEFINITION_CONTEXT('',#4661,'design');
#4613=PRODUCT_DEFINITION_CONTEXT('',#4662,'design');
#4614=PRODUCT_DEFINITION_CONTEXT('',#4663,'design');
#4615=PRODUCT_DEFINITION_FORMATION_WITH_SPECIFIED_SOURCE('','',#4629,
 .NOT_KNOWN.);
#4616=PRODUCT_DEFINITION_FORMATION_WITH_SPECIFIED_SOURCE('','',#4630,
 .NOT_KNOWN.);
#4617=PRODUCT_DEFINITION_FORMATION_WITH_SPECIFIED_SOURCE('','',#4631,
 .NOT_KNOWN.);
#4618=PRODUCT_DEFINITION_FORMATION_WITH_SPECIFIED_SOURCE('','',#4632,
 .NOT_KNOWN.);
#4619=PRODUCT_DEFINITION_FORMATION_WITH_SPECIFIED_SOURCE('','',#4633,
 .NOT_KNOWN.);
#4620=PRODUCT_DEFINITION_FORMATION_WITH_SPECIFIED_SOURCE('','',#4634,
 .NOT_KNOWN.);
#4621=PRODUCT_DEFINITION_FORMATION_WITH_SPECIFIED_SOURCE('','',#4635,
 .NOT_KNOWN.);
#4622=PRODUCT_RELATED_PRODUCT_CATEGORY('','',(#4629));
#4623=PRODUCT_RELATED_PRODUCT_CATEGORY('','',(#4630));
#4624=PRODUCT_RELATED_PRODUCT_CATEGORY('','',(#4631));
#4625=PRODUCT_RELATED_PRODUCT_CATEGORY('','',(#4632));
#4626=PRODUCT_RELATED_PRODUCT_CATEGORY('','',(#4633));
#4627=PRODUCT_RELATED_PRODUCT_CATEGORY('','',(#4634));
#4628=PRODUCT_RELATED_PRODUCT_CATEGORY('','',(#4635));
#4629=PRODUCT('Base Axis 1','Base Axis 1','Base Axis 1',(#4643));
#4630=PRODUCT('Base Axis 2','Base Axis 2','Base Axis 2',(#4644));
#4631=PRODUCT('Secondary Axis 2','Secondary Axis 2','Secondary Axis 2',
(#4645));
#4632=PRODUCT('Tertiary Rig','Tertiary Rig','Tertiary Rig',(#4646));
#4633=PRODUCT('Base Rig','Base Rig','Base Rig',(#4647));
#4634=PRODUCT('Secondary Axis 1','Secondary Axis 1','Secondary Axis 1',
(#4648));
#4635=PRODUCT('Secondary Rig','Secondary Rig','Secondary Rig',(#4649));
#4636=PRODUCT_CATEGORY('','');
#4637=PRODUCT_CATEGORY('','');
#4638=PRODUCT_CATEGORY('','');
#4639=PRODUCT_CATEGORY('','');
#4640=PRODUCT_CATEGORY('','');
#4641=PRODUCT_CATEGORY('','');
#4642=PRODUCT_CATEGORY('','');
#4643=PRODUCT_CONTEXT('',#4657,'mechanical');
#4644=PRODUCT_CONTEXT('',#4658,'mechanical');
#4645=PRODUCT_CONTEXT('',#4659,'mechanical');
#4646=PRODUCT_CONTEXT('',#4660,'mechanical');
#4647=PRODUCT_CONTEXT('',#4661,'mechanical');
#4648=PRODUCT_CONTEXT('',#4662,'mechanical');
#4649=PRODUCT_CONTEXT('',#4663,'mechanical');
#4650=APPLICATION_PROTOCOL_DEFINITION('international standard',
'ap242_managed_model_based_3d_engineering',2020,#4657);
#4651=APPLICATION_PROTOCOL_DEFINITION('international standard',
'ap242_managed_model_based_3d_engineering',2020,#4658);
#4652=APPLICATION_PROTOCOL_DEFINITION('international standard',
'ap242_managed_model_based_3d_engineering',2020,#4659);
#4653=APPLICATION_PROTOCOL_DEFINITION('international standard',
'ap242_managed_model_based_3d_engineering',2020,#4660);
#4654=APPLICATION_PROTOCOL_DEFINITION('international standard',
'ap242_managed_model_based_3d_engineering',2020,#4661);
#4655=APPLICATION_PROTOCOL_DEFINITION('international standard',
'ap242_managed_model_based_3d_engineering',2020,#4662);
#4656=APPLICATION_PROTOCOL_DEFINITION('international standard',
'ap242_managed_model_based_3d_engineering',2020,#4663);
#4657=APPLICATION_CONTEXT('managed model based 3d engineering');
#4658=APPLICATION_CONTEXT('managed model based 3d engineering');
#4659=APPLICATION_CONTEXT('managed model based 3d engineering');
#4660=APPLICATION_CONTEXT('managed model based 3d engineering');
#4661=APPLICATION_CONTEXT('managed model based 3d engineering');
#4662=APPLICATION_CONTEXT('managed model based 3d engineering');
#4663=APPLICATION_CONTEXT('managed model based 3d engineering');
ENDSEC;
END-ISO-10303-21;
